layer,tokens,time_us
act_fn,1,2.01583
act_fn,2,2.2185
act_fn,3,2.09067
act_fn,4,2.17067
act_fn,5,2.10667
act_fn,6,2.16033
act_fn,7,2.25067
act_fn,8,2.2025
act_fn,9,2.1655
act_fn,10,2.29883
act_fn,11,2.256
act_fn,12,2.1655
act_fn,13,2.15983
act_fn,14,2.23467
act_fn,15,2.17067
act_fn,16,2.16533
act_fn,20,2.2135
act_fn,24,2.22933
act_fn,28,2.26133
act_fn,32,2.38933
act_fn,36,2.37333
act_fn,40,2.37333
act_fn,44,2.42133
act_fn,48,2.39983
act_fn,52,2.41583
act_fn,56,2.37333
act_fn,60,2.4
act_fn,64,2.41033
act_fn,80,2.39967
act_fn,96,2.4585
act_fn,112,2.53867
act_fn,128,2.55467
act_fn,144,3.47733
act_fn,160,3.54167
act_fn,176,3.58933
act_fn,192,3.70667
act_fn,208,3.68533
act_fn,224,3.7655
act_fn,240,3.88817
act_fn,256,3.79733
act_fn,272,4.74133
act_fn,288,4.6345
act_fn,304,4.76817
act_fn,320,4.85333
act_fn,336,4.97617
act_fn,352,5.1255
act_fn,368,5.3015
act_fn,384,5.328
act_fn,400,5.48317
act_fn,416,5.63733
act_fn,432,5.61067
act_fn,448,5.70117
act_fn,464,5.78633
act_fn,480,6.0265
act_fn,496,5.87183
act_fn,512,5.95167
act_fn,528,5.93067
act_fn,544,6.42667
act_fn,560,6.75733
act_fn,576,6.53883
act_fn,592,6.58133
act_fn,608,6.61867
act_fn,624,6.66683
act_fn,640,7.24267
act_fn,656,7.39183
act_fn,672,7.54667
act_fn,688,7.57333
act_fn,704,7.6695
act_fn,720,7.75467
act_fn,736,7.92
act_fn,752,7.86133
act_fn,768,8.12833
act_fn,784,8.14417
act_fn,800,8.2025
act_fn,816,8.54933
act_fn,832,8.603
act_fn,848,8.6985
act_fn,864,8.76283
act_fn,880,8.79467
act_fn,896,8.9495
act_fn,912,9.09317
act_fn,928,9.1575
act_fn,944,9.4615
act_fn,960,9.54667
act_fn,976,9.632
act_fn,992,9.73317
act_fn,1008,10.1012
act_fn,1024,10.3038
act_fn,1040,10.6027
act_fn,1056,10.9065
act_fn,1072,11.0667
act_fn,1088,11.2108
act_fn,1104,11.312
act_fn,1120,11.4028
act_fn,1136,11.6533
act_fn,1152,11.6853
act_fn,1168,12.144
act_fn,1184,12.1335
act_fn,1200,12.3095
act_fn,1216,12.4747
act_fn,1232,12.5815
act_fn,1248,12.5493
act_fn,1264,12.9863
act_fn,1280,12.7467
act_fn,1296,12.992
act_fn,1312,12.8747
act_fn,1328,13.3813
act_fn,1344,13.4187
act_fn,1360,13.4772
act_fn,1376,13.808
act_fn,1392,13.6853
act_fn,1408,13.8188
act_fn,1424,13.824
act_fn,1440,14.0267
act_fn,1456,14.2348
act_fn,1472,14.2827
act_fn,1488,14.4535
act_fn,1504,14.6185
act_fn,1520,14.8855
act_fn,1536,14.912
act_fn,1552,14.832
act_fn,1568,15.0932
act_fn,1584,15.2533
act_fn,1600,15.3387
act_fn,1616,15.4668
act_fn,1632,15.7333
act_fn,1648,15.8293
act_fn,1664,16.1763
act_fn,1680,15.9252
act_fn,1696,16.4853
act_fn,1712,16.4535
act_fn,1728,16.3842
act_fn,1744,17.0185
act_fn,1760,17.2
act_fn,1776,16.9868
act_fn,1792,16.9493
act_fn,1808,17.12
act_fn,1824,17.2587
act_fn,1840,17.5628
act_fn,1856,17.4507
act_fn,1872,17.5945
act_fn,1888,17.7493
act_fn,1904,18.0637
act_fn,1920,18.1013
act_fn,1936,18.2133
act_fn,1952,18.4693
act_fn,1968,18.3573
act_fn,1984,18.7573
act_fn,2000,18.8695
act_fn,2016,18.8213
act_fn,2032,18.9548
act_fn,2048,19.3387
act_fn,2064,19.3492
act_fn,2080,19.5518
act_fn,2096,19.9787
act_fn,2112,19.8028
act_fn,2128,19.9093
act_fn,2144,20.1492
act_fn,2160,20.3147
act_fn,2176,20.517
act_fn,2192,20.5173
act_fn,2208,20.7627
act_fn,2224,20.9655
act_fn,2240,20.832
act_fn,2256,21.1362
act_fn,2272,21.2638
act_fn,2288,21.2588
act_fn,2304,21.4615
act_fn,2320,21.5305
act_fn,2336,22.064
act_fn,2352,22.1708
act_fn,2368,22.016
act_fn,2384,22.1225
act_fn,2400,22.4375
act_fn,2416,22.4158
act_fn,2432,22.4852
act_fn,2448,22.8533
act_fn,2464,22.9013
act_fn,2480,23.0402
act_fn,2496,23.072
act_fn,2512,23.1307
act_fn,2528,23.3175
act_fn,2544,23.3598
act_fn,2560,23.7657
act_fn,2576,23.8347
act_fn,2592,23.808
act_fn,2608,24.1387
act_fn,2624,24.1655
act_fn,2640,24.1813
act_fn,2656,24.6402
act_fn,2672,24.4427
act_fn,2688,24.704
act_fn,2704,24.7467
act_fn,2720,25.024
act_fn,2736,25.2533
act_fn,2752,25.2163
act_fn,2768,25.2692
act_fn,2784,25.4828
act_fn,2800,25.92
act_fn,2816,25.8133
act_fn,2832,25.8345
act_fn,2848,26.0427
act_fn,2864,26.2773
act_fn,2880,26.2293
act_fn,2896,26.4268
act_fn,2912,26.608
act_fn,2928,26.5813
act_fn,2944,26.704
act_fn,2960,27.1202
act_fn,2976,26.9495
act_fn,2992,27.2
act_fn,3008,27.2958
act_fn,3024,27.392
act_fn,3040,27.4827
act_fn,3056,27.8027
act_fn,3072,27.7813
act_fn,3088,27.9628
act_fn,3104,28.4213
act_fn,3120,28.4587
act_fn,3136,28.4
act_fn,3152,28.5065
act_fn,3168,28.6348
act_fn,3184,28.9868
act_fn,3200,29.0187
act_fn,3216,29.1895
act_fn,3232,29.2802
act_fn,3248,29.312
act_fn,3264,29.6748
act_fn,3280,29.4082
act_fn,3296,30.16
act_fn,3312,29.776
act_fn,3328,29.9573
act_fn,3344,30.256
act_fn,3360,30.5172
act_fn,3376,30.3838
act_fn,3392,30.7522
act_fn,3408,30.5812
act_fn,3424,30.7948
act_fn,3440,30.9175
act_fn,3456,30.9232
act_fn,3472,31.3548
act_fn,3488,31.536
act_fn,3504,31.3388
act_fn,3520,31.4935
act_fn,3536,31.8242
act_fn,3552,31.9843
act_fn,3568,32.0323
act_fn,3584,32.0958
act_fn,3600,32.661
act_fn,3616,32.4535
act_fn,3632,32.576
act_fn,3648,32.5707
act_fn,3664,32.8642
act_fn,3680,32.9975
act_fn,3696,33.1788
act_fn,3712,33.3227
act_fn,3728,33.3437
act_fn,3744,33.3868
act_fn,3760,33.728
act_fn,3776,34.1173
act_fn,3792,33.9522
act_fn,3808,34.1177
act_fn,3824,34.4213
act_fn,3840,34.8587
act_fn,3856,34.6882
act_fn,3872,34.448
act_fn,3888,34.9282
act_fn,3904,35.0615
act_fn,3920,34.8643
act_fn,3936,34.9385
act_fn,3952,35.6265
act_fn,3968,35.584
act_fn,3984,35.6638
act_fn,4000,35.8722
act_fn,4016,35.7547
act_fn,4032,36.0108
act_fn,4048,36.016
act_fn,4064,36.2987
act_fn,4080,36.256
act_fn,4096,36.512
down_proj,1,14.9335
down_proj,2,14.9657
down_proj,3,15.003
down_proj,4,15.1147
down_proj,5,15.067
down_proj,6,15.291
down_proj,7,15.3653
down_proj,8,15.0878
down_proj,9,15.2638
down_proj,10,15.4083
down_proj,11,15.2643
down_proj,12,15.1198
down_proj,13,15.1678
down_proj,14,15.4558
down_proj,15,15.3492
down_proj,16,15.227
down_proj,20,17.9527
down_proj,24,18.1278
down_proj,28,18.0903
down_proj,32,17.6642
down_proj,36,18.9227
down_proj,40,17.5895
down_proj,44,17.8882
down_proj,48,17.1893
down_proj,52,17.3117
down_proj,56,17.0722
down_proj,60,17.6748
down_proj,64,17.344
down_proj,80,20.32
down_proj,96,20.4217
down_proj,112,20.5068
down_proj,128,20.5972
down_proj,144,30.8695
down_proj,160,30.2662
down_proj,176,29.557
down_proj,192,29.4667
down_proj,208,25.2692
down_proj,224,25.398
down_proj,240,25.5418
down_proj,256,25.8078
down_proj,272,42.5017
down_proj,288,42.6345
down_proj,304,42.6348
down_proj,320,42.6137
down_proj,336,31.2323
down_proj,352,31.2588
down_proj,368,31.4028
down_proj,384,31.536
down_proj,400,45.9898
down_proj,416,46.2397
down_proj,432,46.4052
down_proj,448,46.2507
down_proj,464,46.421
down_proj,480,46.624
down_proj,496,46.8053
down_proj,512,47.3657
down_proj,528,59.9683
down_proj,544,59.2375
down_proj,560,57.2695
down_proj,576,57.6537
down_proj,592,57.4028
down_proj,608,57.5948
down_proj,624,57.7495
down_proj,640,57.9685
down_proj,656,54.928
down_proj,672,54.9653
down_proj,688,55.6218
down_proj,704,55.5365
down_proj,720,55.4987
down_proj,736,55.4613
down_proj,752,55.52
down_proj,768,55.7705
down_proj,784,76.3465
down_proj,800,76.8855
down_proj,816,76.8858
down_proj,832,76.5383
down_proj,848,76.7468
down_proj,864,77.136
down_proj,880,77.088
down_proj,896,77.4932
down_proj,912,77.6647
down_proj,928,77.9415
down_proj,944,78.3153
down_proj,960,78.315
down_proj,976,78.5175
down_proj,992,78.8638
down_proj,1008,78.8055
down_proj,1024,79.114
down_proj,1040,80.976
down_proj,1056,80.3093
down_proj,1072,80.6827
down_proj,1088,80.5545
down_proj,1104,80.6028
down_proj,1120,80.9173
down_proj,1136,81.1357
down_proj,1152,81.1843
down_proj,1168,81.6478
down_proj,1184,81.515
down_proj,1200,81.3118
down_proj,1216,81.6162
down_proj,1232,81.4823
down_proj,1248,81.5627
down_proj,1264,81.8562
down_proj,1280,82.0802
down_proj,1296,112.491
down_proj,1312,113.237
down_proj,1328,112.992
down_proj,1344,113.611
down_proj,1360,113.84
down_proj,1376,114.037
down_proj,1392,114.225
down_proj,1408,114.645
down_proj,1424,114.176
down_proj,1440,114.635
down_proj,1456,115.227
down_proj,1472,115.258
down_proj,1488,115.099
down_proj,1504,115.339
down_proj,1520,116.048
down_proj,1536,115.659
down_proj,1552,106.549
down_proj,1568,107.243
down_proj,1584,107.328
down_proj,1600,107.045
down_proj,1616,107.243
down_proj,1632,107.654
down_proj,1648,107.408
down_proj,1664,107.536
down_proj,1680,107.925
down_proj,1696,107.654
down_proj,1712,108.006
down_proj,1728,108.699
down_proj,1744,108.234
down_proj,1760,109.296
down_proj,1776,109.249
down_proj,1792,109.216
down_proj,1808,149.275
down_proj,1824,150.032
down_proj,1840,149.643
down_proj,1856,149.835
down_proj,1872,149.91
down_proj,1888,150.838
down_proj,1904,150.117
down_proj,1920,150.843
down_proj,1936,150.912
down_proj,1952,151.509
down_proj,1968,151.558
down_proj,1984,151.28
down_proj,2000,151.92
down_proj,2016,151.877
down_proj,2032,151.931
down_proj,2048,152.118
down_proj,2064,139.776
down_proj,2080,140.539
down_proj,2096,140.437
down_proj,2112,140.283
down_proj,2128,140.923
down_proj,2144,140.966
down_proj,2160,140.816
down_proj,2176,141.051
down_proj,2192,141.35
down_proj,2208,141.301
down_proj,2224,141.061
down_proj,2240,142.129
down_proj,2256,142.112
down_proj,2272,141.867
down_proj,2288,142.641
down_proj,2304,142.272
down_proj,2320,185.819
down_proj,2336,185.739
down_proj,2352,185.947
down_proj,2368,186.267
down_proj,2384,186.63
down_proj,2400,186.544
down_proj,2416,186.421
down_proj,2432,186.539
down_proj,2448,186.55
down_proj,2464,187.894
down_proj,2480,187.835
down_proj,2496,187.526
down_proj,2512,188.139
down_proj,2528,187.91
down_proj,2544,187.995
down_proj,2560,188.171
down_proj,2576,172.299
down_proj,2592,172.955
down_proj,2608,172.603
down_proj,2624,173.542
down_proj,2640,173.867
down_proj,2656,173.056
down_proj,2672,173.297
down_proj,2688,173.851
down_proj,2704,173.696
down_proj,2720,174.022
down_proj,2736,173.915
down_proj,2752,174.507
down_proj,2768,174.699
down_proj,2784,174.705
down_proj,2800,174.363
down_proj,2816,175.76
down_proj,2832,221.985
down_proj,2848,221.371
down_proj,2864,221.264
down_proj,2880,222.198
down_proj,2896,221.878
down_proj,2912,222.352
down_proj,2928,222.304
down_proj,2944,222.651
down_proj,2960,222.464
down_proj,2976,223.083
down_proj,2992,222.891
down_proj,3008,223.601
down_proj,3024,223.115
down_proj,3040,224.059
down_proj,3056,223.424
down_proj,3072,224.038
down_proj,3088,205.28
down_proj,3104,205.51
down_proj,3120,205.782
down_proj,3136,206.24
down_proj,3152,206.202
down_proj,3168,206.598
down_proj,3184,206.662
down_proj,3200,207.115
down_proj,3216,206.15
down_proj,3232,206.95
down_proj,3248,207.046
down_proj,3264,207.947
down_proj,3280,208.23
down_proj,3296,207.441
down_proj,3312,207.782
down_proj,3328,208.31
down_proj,3344,208.502
down_proj,3360,209.03
down_proj,3376,209.051
down_proj,3392,208.635
down_proj,3408,208.88
down_proj,3424,209.083
down_proj,3440,209.397
down_proj,3456,209.404
down_proj,3472,209.344
down_proj,3488,209.552
down_proj,3504,210.177
down_proj,3520,210.651
down_proj,3536,210.272
down_proj,3552,210.768
down_proj,3568,210.854
down_proj,3584,210.742
down_proj,3600,238.379
down_proj,3616,238.704
down_proj,3632,238.864
down_proj,3648,239.121
down_proj,3664,238.71
down_proj,3680,240.236
down_proj,3696,239.366
down_proj,3712,239.046
down_proj,3728,240.182
down_proj,3744,240.224
down_proj,3760,240.747
down_proj,3776,240.87
down_proj,3792,240.726
down_proj,3808,240.64
down_proj,3824,240.731
down_proj,3840,241.067
down_proj,3856,240.475
down_proj,3872,240.822
down_proj,3888,241.313
down_proj,3904,241.126
down_proj,3920,241.286
down_proj,3936,241.729
down_proj,3952,241.083
down_proj,3968,242.07
down_proj,3984,242.065
down_proj,4000,242.203
down_proj,4016,242.833
down_proj,4032,242.774
down_proj,4048,242.438
down_proj,4064,242.56
down_proj,4080,243.094
down_proj,4096,243.398
embedding,1,3.339
embedding,2,3.50933
embedding,3,3.71233
embedding,4,4.13833
embedding,5,4.66133
embedding,6,4.62933
embedding,7,4.83167
embedding,8,4.88533
embedding,9,5.39733
embedding,10,5.739
embedding,11,5.899
embedding,12,6.16533
embedding,13,6.61367
embedding,14,6.89067
embedding,15,7.168
embedding,16,7.232
embedding,20,2.96533
embedding,24,2.71933
embedding,28,2.95467
embedding,32,2.848
embedding,36,3.02933
embedding,40,2.77367
embedding,44,2.98633
embedding,48,2.83733
embedding,52,2.98667
embedding,56,2.82667
embedding,60,3.09367
embedding,64,2.76267
embedding,80,2.81533
embedding,96,2.987
embedding,112,3.08267
embedding,128,3.11467
embedding,144,3.42467
embedding,160,3.47733
embedding,176,3.56267
embedding,192,3.60533
embedding,208,3.69133
embedding,224,3.77567
embedding,240,3.926
embedding,256,3.97833
embedding,272,4.22367
embedding,288,4.40533
embedding,304,4.448
embedding,320,4.534
embedding,336,4.69367
embedding,352,4.64
embedding,368,4.821
embedding,384,4.79967
embedding,400,5.08833
embedding,416,5.22633
embedding,432,5.184
embedding,448,5.27967
embedding,464,5.37633
embedding,480,5.44
embedding,496,5.40767
embedding,512,5.51467
embedding,528,5.70667
embedding,544,5.71767
embedding,560,5.81367
embedding,576,5.77067
embedding,592,5.888
embedding,608,5.89867
embedding,624,5.88767
embedding,640,5.95167
embedding,656,6.04733
embedding,672,6.06967
embedding,688,6.15467
embedding,704,6.16567
embedding,720,6.18667
embedding,736,6.31467
embedding,752,6.347
embedding,768,6.31433
embedding,784,6.325
embedding,800,6.50667
embedding,816,6.46433
embedding,832,6.47467
embedding,848,6.528
embedding,864,6.64633
embedding,880,6.70933
embedding,896,6.91167
embedding,912,6.848
embedding,928,7.10433
embedding,944,7.07233
embedding,960,7.07233
embedding,976,7.126
embedding,992,7.264
embedding,1008,7.37067
embedding,1024,7.52033
embedding,1040,7.50933
embedding,1056,7.76533
embedding,1072,7.80767
embedding,1088,7.86133
embedding,1104,7.86133
embedding,1120,7.989
embedding,1136,7.89333
embedding,1152,8.064
embedding,1168,7.936
embedding,1184,8.096
embedding,1200,8.05333
embedding,1216,8.096
embedding,1232,8.08533
embedding,1248,8.192
embedding,1264,8.20267
embedding,1280,8.224
embedding,1296,8.23467
embedding,1312,8.416
embedding,1328,8.50167
embedding,1344,8.49067
embedding,1360,8.52267
embedding,1376,8.48
embedding,1392,8.72533
embedding,1408,8.68267
embedding,1424,8.69367
embedding,1440,8.939
embedding,1456,8.75767
embedding,1472,9.03467
embedding,1488,9.05633
embedding,1504,8.93833
embedding,1520,9.06667
embedding,1536,9.19467
embedding,1552,9.17333
embedding,1568,9.184
embedding,1584,9.30167
embedding,1600,9.34433
embedding,1616,9.355
embedding,1632,9.46133
embedding,1648,9.41867
embedding,1664,9.493
embedding,1680,9.579
embedding,1696,9.54667
embedding,1712,9.578
embedding,1728,9.70667
embedding,1744,9.72833
embedding,1760,9.931
embedding,1776,9.898
embedding,1792,9.93
embedding,1808,10.037
embedding,1824,10.0373
embedding,1840,10.0803
embedding,1856,10.0587
embedding,1872,10.176
embedding,1888,10.3043
embedding,1904,10.3893
embedding,1920,10.5177
embedding,1936,10.56
embedding,1952,10.5067
embedding,1968,10.7307
embedding,1984,10.645
embedding,2000,10.7837
embedding,2016,10.9437
embedding,2032,10.9657
embedding,2048,10.9013
embedding,2064,11.0823
embedding,2080,11.168
embedding,2096,11.2103
embedding,2112,11.1893
embedding,2128,11.2857
embedding,2144,11.3387
embedding,2160,11.4237
embedding,2176,11.4133
embedding,2192,11.6167
embedding,2208,11.488
embedding,2224,11.6477
embedding,2240,11.669
embedding,2256,11.6907
embedding,2272,11.6477
embedding,2288,11.7867
embedding,2304,11.872
embedding,2320,11.8507
embedding,2336,11.8293
embedding,2352,11.8187
embedding,2368,12.0533
embedding,2384,11.9577
embedding,2400,11.9467
embedding,2416,12.2133
embedding,2432,12.1173
embedding,2448,12.715
embedding,2464,12.6397
embedding,2480,12.747
embedding,2496,12.6293
embedding,2512,12.8543
embedding,2528,12.9283
embedding,2544,12.7363
embedding,2560,12.9283
embedding,2576,12.9597
embedding,2592,12.9597
embedding,2608,12.896
embedding,2624,13.1627
embedding,2640,13.12
embedding,2656,13.088
embedding,2672,13.1307
embedding,2688,13.1943
embedding,2704,13.2373
embedding,2720,13.2053
embedding,2736,13.3443
embedding,2752,13.632
embedding,2768,13.3977
embedding,2784,13.6
embedding,2800,13.5467
embedding,2816,13.856
embedding,2832,13.7603
embedding,2848,13.792
embedding,2864,13.8877
embedding,2880,13.952
embedding,2896,14.069
embedding,2912,13.9417
embedding,2928,14.1013
embedding,2944,14.101
embedding,2960,14.3573
embedding,2976,14.3463
embedding,2992,14.432
embedding,3008,14.5387
embedding,3024,14.613
embedding,3040,14.71
embedding,3056,14.656
embedding,3072,14.5593
embedding,3088,14.8373
embedding,3104,14.923
embedding,3120,15.0077
embedding,3136,14.9653
embedding,3152,15.072
embedding,3168,14.9867
embedding,3184,15.2427
embedding,3200,15.232
embedding,3216,15.5733
embedding,3232,15.467
embedding,3248,15.616
embedding,3264,15.616
embedding,3280,15.6903
embedding,3296,15.7547
embedding,3312,15.9257
embedding,3328,15.8293
embedding,3344,15.968
embedding,3360,16.128
embedding,3376,15.9147
embedding,3392,16.2133
embedding,3408,16.2027
embedding,3424,16.2247
embedding,3440,16.267
embedding,3456,16.213
embedding,3472,16.3843
embedding,3488,16.3627
embedding,3504,16.4157
embedding,3520,16.4693
embedding,3536,16.5227
embedding,3552,16.6507
embedding,3568,16.565
embedding,3584,16.6823
embedding,3600,16.7253
embedding,3616,16.779
embedding,3632,16.8853
embedding,3648,17.0773
embedding,3664,17.066
embedding,3680,17.0033
embedding,3696,17.0133
embedding,3712,17.11
embedding,3728,17.28
embedding,3744,17.1943
embedding,3760,17.2693
embedding,3776,17.3973
embedding,3792,17.4933
embedding,3808,17.6423
embedding,3824,17.5683
embedding,3840,17.6533
embedding,3856,17.44
embedding,3872,17.6107
embedding,3888,17.568
embedding,3904,17.6853
embedding,3920,17.857
embedding,3936,18.016
embedding,3952,17.888
embedding,3968,17.8237
embedding,3984,17.9947
embedding,4000,18.0807
embedding,4016,18.4313
embedding,4032,18.3037
embedding,4048,18.176
embedding,4064,18.2613
embedding,4080,18.4423
embedding,4096,18.4427
fused_qkv_a_proj,1,13.2162
fused_qkv_a_proj,2,13.1733
fused_qkv_a_proj,3,13.104
fused_qkv_a_proj,4,13.253
fused_qkv_a_proj,5,13.2373
fused_qkv_a_proj,6,13.333
fused_qkv_a_proj,7,13.2588
fused_qkv_a_proj,8,13.1992
fused_qkv_a_proj,9,13.157
fused_qkv_a_proj,10,13.1413
fused_qkv_a_proj,11,13.2213
fused_qkv_a_proj,12,13.2588
fused_qkv_a_proj,13,13.1895
fused_qkv_a_proj,14,13.2263
fused_qkv_a_proj,15,13.2377
fused_qkv_a_proj,16,13.4672
fused_qkv_a_proj,20,14.0533
fused_qkv_a_proj,24,13.7968
fused_qkv_a_proj,28,14.0693
fused_qkv_a_proj,32,13.4293
fused_qkv_a_proj,36,15.445
fused_qkv_a_proj,40,15.1095
fused_qkv_a_proj,44,15.1305
fused_qkv_a_proj,48,13.0717
fused_qkv_a_proj,52,13.5253
fused_qkv_a_proj,56,13.1462
fused_qkv_a_proj,60,12.8957
fused_qkv_a_proj,64,12.763
fused_qkv_a_proj,80,16.3468
fused_qkv_a_proj,96,14.9868
fused_qkv_a_proj,112,14.043
fused_qkv_a_proj,128,14.2878
fused_qkv_a_proj,144,17.8882
fused_qkv_a_proj,160,17.1995
fused_qkv_a_proj,176,15.6698
fused_qkv_a_proj,192,16.1125
fused_qkv_a_proj,208,17.5787
fused_qkv_a_proj,224,17.408
fused_qkv_a_proj,240,17.4028
fused_qkv_a_proj,256,17.6532
fused_qkv_a_proj,272,21.1838
fused_qkv_a_proj,288,21.3438
fused_qkv_a_proj,304,21.3867
fused_qkv_a_proj,320,21.6165
fused_qkv_a_proj,336,21.264
fused_qkv_a_proj,352,21.6587
fused_qkv_a_proj,368,21.6427
fused_qkv_a_proj,384,22.1817
fused_qkv_a_proj,400,24.1065
fused_qkv_a_proj,416,24.197
fused_qkv_a_proj,432,24.4428
fused_qkv_a_proj,448,24.4428
fused_qkv_a_proj,464,23.0453
fused_qkv_a_proj,480,22.4418
fused_qkv_a_proj,496,22.7517
fused_qkv_a_proj,512,22.8428
fused_qkv_a_proj,528,38.288
fused_qkv_a_proj,544,38.6347
fused_qkv_a_proj,560,38.8323
fused_qkv_a_proj,576,39.1577
fused_qkv_a_proj,592,28.453
fused_qkv_a_proj,608,28.4698
fused_qkv_a_proj,624,28.6825
fused_qkv_a_proj,640,28.8853
fused_qkv_a_proj,656,32.432
fused_qkv_a_proj,672,32.0533
fused_qkv_a_proj,688,30.7362
fused_qkv_a_proj,704,30.5755
fused_qkv_a_proj,720,30.3307
fused_qkv_a_proj,736,30.1445
fused_qkv_a_proj,752,30.1333
fused_qkv_a_proj,768,30.5867
fused_qkv_a_proj,784,49.648
fused_qkv_a_proj,800,49.9948
fused_qkv_a_proj,816,49.995
fused_qkv_a_proj,832,50.0213
fused_qkv_a_proj,848,34.3518
fused_qkv_a_proj,864,34.6185
fused_qkv_a_proj,880,34.6082
fused_qkv_a_proj,896,35.024
fused_qkv_a_proj,912,44.5122
fused_qkv_a_proj,928,44.7312
fused_qkv_a_proj,944,44.9707
fused_qkv_a_proj,960,45.0508
fused_qkv_a_proj,976,44.9973
fused_qkv_a_proj,992,45.344
fused_qkv_a_proj,1008,45.6217
fused_qkv_a_proj,1024,45.9043
fused_qkv_a_proj,1040,45.3125
fused_qkv_a_proj,1056,43.0722
fused_qkv_a_proj,1072,43.6485
fused_qkv_a_proj,1088,43.435
fused_qkv_a_proj,1104,43.0983
fused_qkv_a_proj,1120,43.2483
fused_qkv_a_proj,1136,43.6213
fused_qkv_a_proj,1152,43.8933
fused_qkv_a_proj,1168,46.3847
fused_qkv_a_proj,1184,46.6347
fused_qkv_a_proj,1200,46.7258
fused_qkv_a_proj,1216,47.2697
fused_qkv_a_proj,1232,47.237
fused_qkv_a_proj,1248,47.4933
fused_qkv_a_proj,1264,47.9627
fused_qkv_a_proj,1280,47.76
fused_qkv_a_proj,1296,48.1225
fused_qkv_a_proj,1312,48.3095
fused_qkv_a_proj,1328,48.187
fused_qkv_a_proj,1344,48.6457
fused_qkv_a_proj,1360,48.6885
fused_qkv_a_proj,1376,49.0082
fused_qkv_a_proj,1392,49.5198
fused_qkv_a_proj,1408,49.7765
fused_qkv_a_proj,1424,49.531
fused_qkv_a_proj,1440,50.0693
fused_qkv_a_proj,1456,50.3893
fused_qkv_a_proj,1472,50.3253
fused_qkv_a_proj,1488,50.4853
fused_qkv_a_proj,1504,50.7465
fused_qkv_a_proj,1520,51.147
fused_qkv_a_proj,1536,51.1202
fused_qkv_a_proj,1552,70.5968
fused_qkv_a_proj,1568,71.3173
fused_qkv_a_proj,1584,70.9767
fused_qkv_a_proj,1600,71.3973
fused_qkv_a_proj,1616,71.5895
fused_qkv_a_proj,1632,71.8827
fused_qkv_a_proj,1648,71.9623
fused_qkv_a_proj,1664,71.9255
fused_qkv_a_proj,1680,61.9628
fused_qkv_a_proj,1696,62.2135
fused_qkv_a_proj,1712,62.7627
fused_qkv_a_proj,1728,62.8002
fused_qkv_a_proj,1744,63.0188
fused_qkv_a_proj,1760,63.5045
fused_qkv_a_proj,1776,63.4828
fused_qkv_a_proj,1792,63.653
fused_qkv_a_proj,1808,66.8268
fused_qkv_a_proj,1824,67.5945
fused_qkv_a_proj,1840,67.5042
fused_qkv_a_proj,1856,67.0188
fused_qkv_a_proj,1872,67.3065
fused_qkv_a_proj,1888,67.6798
fused_qkv_a_proj,1904,67.6432
fused_qkv_a_proj,1920,67.7332
fused_qkv_a_proj,1936,90.9285
fused_qkv_a_proj,1952,91.1578
fused_qkv_a_proj,1968,91.163
fused_qkv_a_proj,1984,91.4567
fused_qkv_a_proj,2000,91.867
fused_qkv_a_proj,2016,91.5362
fused_qkv_a_proj,2032,91.9042
fused_qkv_a_proj,2048,92.1172
fused_qkv_a_proj,2064,92.4693
fused_qkv_a_proj,2080,92.8695
fused_qkv_a_proj,2096,93.3442
fused_qkv_a_proj,2112,93.1092
fused_qkv_a_proj,2128,93.344
fused_qkv_a_proj,2144,93.8347
fused_qkv_a_proj,2160,94.0587
fused_qkv_a_proj,2176,94.4693
fused_qkv_a_proj,2192,83.5522
fused_qkv_a_proj,2208,87.7655
fused_qkv_a_proj,2224,86.4158
fused_qkv_a_proj,2240,83.9415
fused_qkv_a_proj,2256,84.3895
fused_qkv_a_proj,2272,84.363
fused_qkv_a_proj,2288,84.107
fused_qkv_a_proj,2304,84.1392
fused_qkv_a_proj,2320,89.6903
fused_qkv_a_proj,2336,90.0268
fused_qkv_a_proj,2352,90.1333
fused_qkv_a_proj,2368,90.7732
fused_qkv_a_proj,2384,90.7095
fused_qkv_a_proj,2400,90.8802
fused_qkv_a_proj,2416,90.992
fused_qkv_a_proj,2432,91.104
fused_qkv_a_proj,2448,91.3128
fused_qkv_a_proj,2464,91.6427
fused_qkv_a_proj,2480,92.352
fused_qkv_a_proj,2496,92.3522
fused_qkv_a_proj,2512,92.4428
fused_qkv_a_proj,2528,92.6452
fused_qkv_a_proj,2544,92.987
fused_qkv_a_proj,2560,93.3875
fused_qkv_a_proj,2576,93.1957
fused_qkv_a_proj,2592,93.6107
fused_qkv_a_proj,2608,94.0697
fused_qkv_a_proj,2624,94.2937
fused_qkv_a_proj,2640,94.5763
fused_qkv_a_proj,2656,94.6988
fused_qkv_a_proj,2672,94.5978
fused_qkv_a_proj,2688,95.4133
fused_qkv_a_proj,2704,95.12
fused_qkv_a_proj,2720,95.0988
fused_qkv_a_proj,2736,95.2858
fused_qkv_a_proj,2752,96.042
fused_qkv_a_proj,2768,96.0642
fused_qkv_a_proj,2784,96.6827
fused_qkv_a_proj,2800,96.3787
fused_qkv_a_proj,2816,96.7417
fused_qkv_a_proj,2832,97.4668
fused_qkv_a_proj,2848,97.2537
fused_qkv_a_proj,2864,97.4187
fused_qkv_a_proj,2880,97.9152
fused_qkv_a_proj,2896,97.6053
fused_qkv_a_proj,2912,97.8613
fused_qkv_a_proj,2928,98.48
fused_qkv_a_proj,2944,98.603
fused_qkv_a_proj,2960,99.8245
fused_qkv_a_proj,2976,99.264
fused_qkv_a_proj,2992,99.3703
fused_qkv_a_proj,3008,99.7282
fused_qkv_a_proj,3024,99.7227
fused_qkv_a_proj,3040,100.128
fused_qkv_a_proj,3056,99.8827
fused_qkv_a_proj,3072,100.24
fused_qkv_a_proj,3088,127.323
fused_qkv_a_proj,3104,127.723
fused_qkv_a_proj,3120,127.861
fused_qkv_a_proj,3136,128.278
fused_qkv_a_proj,3152,128.181
fused_qkv_a_proj,3168,128.55
fused_qkv_a_proj,3184,128.379
fused_qkv_a_proj,3200,128.806
fused_qkv_a_proj,3216,129.046
fused_qkv_a_proj,3232,129.36
fused_qkv_a_proj,3248,129.626
fused_qkv_a_proj,3264,129.632
fused_qkv_a_proj,3280,129.963
fused_qkv_a_proj,3296,129.894
fused_qkv_a_proj,3312,130.336
fused_qkv_a_proj,3328,130.875
fused_qkv_a_proj,3344,123.312
fused_qkv_a_proj,3360,123.755
fused_qkv_a_proj,3376,123.152
fused_qkv_a_proj,3392,123.771
fused_qkv_a_proj,3408,123.803
fused_qkv_a_proj,3424,123.861
fused_qkv_a_proj,3440,124.187
fused_qkv_a_proj,3456,124.107
fused_qkv_a_proj,3472,124.379
fused_qkv_a_proj,3488,124.491
fused_qkv_a_proj,3504,124.822
fused_qkv_a_proj,3520,124.816
fused_qkv_a_proj,3536,125.638
fused_qkv_a_proj,3552,125.734
fused_qkv_a_proj,3568,125.841
fused_qkv_a_proj,3584,126.16
fused_qkv_a_proj,3600,126.267
fused_qkv_a_proj,3616,126.757
fused_qkv_a_proj,3632,126.64
fused_qkv_a_proj,3648,126.838
fused_qkv_a_proj,3664,127.291
fused_qkv_a_proj,3680,127.712
fused_qkv_a_proj,3696,127.44
fused_qkv_a_proj,3712,127.824
fused_qkv_a_proj,3728,127.568
fused_qkv_a_proj,3744,128.133
fused_qkv_a_proj,3760,128.864
fused_qkv_a_proj,3776,129.274
fused_qkv_a_proj,3792,128.539
fused_qkv_a_proj,3808,128.795
fused_qkv_a_proj,3824,128.992
fused_qkv_a_proj,3840,129.147
fused_qkv_a_proj,3856,138.293
fused_qkv_a_proj,3872,138.187
fused_qkv_a_proj,3888,138.246
fused_qkv_a_proj,3904,139.141
fused_qkv_a_proj,3920,138.273
fused_qkv_a_proj,3936,138.475
fused_qkv_a_proj,3952,139.312
fused_qkv_a_proj,3968,139.473
fused_qkv_a_proj,3984,139.6
fused_qkv_a_proj,4000,140.006
fused_qkv_a_proj,4016,139.755
fused_qkv_a_proj,4032,140.342
fused_qkv_a_proj,4048,140.395
fused_qkv_a_proj,4064,140.736
fused_qkv_a_proj,4080,141.003
fused_qkv_a_proj,4096,141.259
gate_up_proj,1,27.9468
gate_up_proj,2,27.9892
gate_up_proj,3,28.699
gate_up_proj,4,28.7568
gate_up_proj,5,28.8587
gate_up_proj,6,28.3468
gate_up_proj,7,28.3467
gate_up_proj,8,28.0537
gate_up_proj,9,28.464
gate_up_proj,10,28.4163
gate_up_proj,11,28.5497
gate_up_proj,12,28.4428
gate_up_proj,13,28.4052
gate_up_proj,14,28.1922
gate_up_proj,15,28.7088
gate_up_proj,16,28.6347
gate_up_proj,20,30.0212
gate_up_proj,24,29.9302
gate_up_proj,28,30.3415
gate_up_proj,32,26.8857
gate_up_proj,36,28.4857
gate_up_proj,40,27.744
gate_up_proj,44,27.4185
gate_up_proj,48,27.7015
gate_up_proj,52,28.0048
gate_up_proj,56,26.8963
gate_up_proj,60,27.4085
gate_up_proj,64,27.1575
gate_up_proj,80,31.787
gate_up_proj,96,29.3915
gate_up_proj,112,29.1472
gate_up_proj,128,29.5892
gate_up_proj,144,47.248
gate_up_proj,160,45.1098
gate_up_proj,176,43.4183
gate_up_proj,192,44.1703
gate_up_proj,208,45.4453
gate_up_proj,224,45.4835
gate_up_proj,240,45.7865
gate_up_proj,256,46.9008
gate_up_proj,272,75.6105
gate_up_proj,288,73.1737
gate_up_proj,304,72.0423
gate_up_proj,320,71.2915
gate_up_proj,336,64.816
gate_up_proj,352,64.4423
gate_up_proj,368,64.107
gate_up_proj,384,64.4908
gate_up_proj,400,76.6668
gate_up_proj,416,74.0967
gate_up_proj,432,71.9895
gate_up_proj,448,72.0215
gate_up_proj,464,64.7365
gate_up_proj,480,64.6452
gate_up_proj,496,65.12
gate_up_proj,512,65.5147
gate_up_proj,528,90.4697
gate_up_proj,544,89.0775
gate_up_proj,560,87.824
gate_up_proj,576,86.7735
gate_up_proj,592,85.5363
gate_up_proj,608,85.872
gate_up_proj,624,86.075
gate_up_proj,640,86.7948
gate_up_proj,656,110.71
gate_up_proj,672,110.63
gate_up_proj,688,111.05
gate_up_proj,704,111.317
gate_up_proj,720,111.653
gate_up_proj,736,111.509
gate_up_proj,752,112.23
gate_up_proj,768,112.747
gate_up_proj,784,144.235
gate_up_proj,800,143.371
gate_up_proj,816,142.726
gate_up_proj,832,142.101
gate_up_proj,848,143.013
gate_up_proj,864,142.805
gate_up_proj,880,142.784
gate_up_proj,896,143.339
gate_up_proj,912,138.651
gate_up_proj,928,138.832
gate_up_proj,944,138.844
gate_up_proj,960,138.8
gate_up_proj,976,139.221
gate_up_proj,992,139.691
gate_up_proj,1008,139.718
gate_up_proj,1024,139.819
gate_up_proj,1040,152.806
gate_up_proj,1056,152.059
gate_up_proj,1072,151.259
gate_up_proj,1088,151.622
gate_up_proj,1104,150.022
gate_up_proj,1120,150.352
gate_up_proj,1136,151.189
gate_up_proj,1152,151.019
gate_up_proj,1168,158.869
gate_up_proj,1184,157.493
gate_up_proj,1200,157.174
gate_up_proj,1216,157.755
gate_up_proj,1232,157.637
gate_up_proj,1248,157.867
gate_up_proj,1264,158.4
gate_up_proj,1280,158.859
gate_up_proj,1296,172.139
gate_up_proj,1312,170.614
gate_up_proj,1328,168.705
gate_up_proj,1344,168.715
gate_up_proj,1360,166.197
gate_up_proj,1376,166.305
gate_up_proj,1392,166.235
gate_up_proj,1408,166.966
gate_up_proj,1424,179.413
gate_up_proj,1440,180.79
gate_up_proj,1456,179.035
gate_up_proj,1472,179.078
gate_up_proj,1488,179.681
gate_up_proj,1504,179.92
gate_up_proj,1520,180.667
gate_up_proj,1536,180.87
gate_up_proj,1552,213.466
gate_up_proj,1568,212.299
gate_up_proj,1584,212.923
gate_up_proj,1600,212.07
gate_up_proj,1616,212.891
gate_up_proj,1632,213.067
gate_up_proj,1648,213.211
gate_up_proj,1664,213.424
gate_up_proj,1680,214.15
gate_up_proj,1696,213.611
gate_up_proj,1712,213.99
gate_up_proj,1728,214.518
gate_up_proj,1744,215.797
gate_up_proj,1760,216.299
gate_up_proj,1776,215.659
gate_up_proj,1792,215.824
gate_up_proj,1808,227.227
gate_up_proj,1824,228.32
gate_up_proj,1840,227.077
gate_up_proj,1856,226.859
gate_up_proj,1872,228.208
gate_up_proj,1888,228.64
gate_up_proj,1904,228.006
gate_up_proj,1920,229.249
gate_up_proj,1936,229.846
gate_up_proj,1952,229.467
gate_up_proj,1968,229.381
gate_up_proj,1984,230.144
gate_up_proj,2000,229.739
gate_up_proj,2016,230.624
gate_up_proj,2032,231.163
gate_up_proj,2048,231.008
gate_up_proj,2064,252.837
gate_up_proj,2080,253.707
gate_up_proj,2096,254.678
gate_up_proj,2112,253.52
gate_up_proj,2128,254.689
gate_up_proj,2144,255.137
gate_up_proj,2160,254.87
gate_up_proj,2176,254.971
gate_up_proj,2192,257.195
gate_up_proj,2208,256.353
gate_up_proj,2224,256.539
gate_up_proj,2240,257.099
gate_up_proj,2256,256.966
gate_up_proj,2272,257.429
gate_up_proj,2288,258.256
gate_up_proj,2304,257.883
gate_up_proj,2320,293.531
gate_up_proj,2336,292.945
gate_up_proj,2352,293.456
gate_up_proj,2368,295.014
gate_up_proj,2384,295.067
gate_up_proj,2400,294.875
gate_up_proj,2416,294.673
gate_up_proj,2432,295.628
gate_up_proj,2448,295.937
gate_up_proj,2464,296.246
gate_up_proj,2480,297.291
gate_up_proj,2496,296.625
gate_up_proj,2512,296.923
gate_up_proj,2528,297.616
gate_up_proj,2544,297.558
gate_up_proj,2560,298.438
gate_up_proj,2576,307.995
gate_up_proj,2592,309.227
gate_up_proj,2608,308.79
gate_up_proj,2624,309.515
gate_up_proj,2640,310.027
gate_up_proj,2656,309.974
gate_up_proj,2672,310.24
gate_up_proj,2688,310.31
gate_up_proj,2704,310.534
gate_up_proj,2720,311.228
gate_up_proj,2736,311.505
gate_up_proj,2752,312.71
gate_up_proj,2768,311.91
gate_up_proj,2784,312.539
gate_up_proj,2800,312.923
gate_up_proj,2816,313.584
gate_up_proj,2832,346.907
gate_up_proj,2848,346.902
gate_up_proj,2864,346.886
gate_up_proj,2880,347.755
gate_up_proj,2896,347.67
gate_up_proj,2912,349.078
gate_up_proj,2928,349.515
gate_up_proj,2944,348.993
gate_up_proj,2960,349.195
gate_up_proj,2976,349.883
gate_up_proj,2992,349.888
gate_up_proj,3008,351.473
gate_up_proj,3024,351.467
gate_up_proj,3040,351.275
gate_up_proj,3056,352.363
gate_up_proj,3072,352.119
gate_up_proj,3088,374.848
gate_up_proj,3104,373.847
gate_up_proj,3120,375.569
gate_up_proj,3136,374.384
gate_up_proj,3152,374.64
gate_up_proj,3168,374.347
gate_up_proj,3184,374.944
gate_up_proj,3200,375.355
gate_up_proj,3216,395.937
gate_up_proj,3232,396.385
gate_up_proj,3248,397.052
gate_up_proj,3264,397.425
gate_up_proj,3280,397.334
gate_up_proj,3296,397.766
gate_up_proj,3312,398.384
gate_up_proj,3328,398.001
gate_up_proj,3344,415.34
gate_up_proj,3360,415.755
gate_up_proj,3376,415.627
gate_up_proj,3392,415.403
gate_up_proj,3408,416.209
gate_up_proj,3424,417.104
gate_up_proj,3440,416.923
gate_up_proj,3456,417.707
gate_up_proj,3472,418.486
gate_up_proj,3488,418.102
gate_up_proj,3504,418.368
gate_up_proj,3520,418.379
gate_up_proj,3536,419.057
gate_up_proj,3552,419.516
gate_up_proj,3568,419.809
gate_up_proj,3584,420.257
gate_up_proj,3600,428.038
gate_up_proj,3616,428.07
gate_up_proj,3632,429.067
gate_up_proj,3648,428.769
gate_up_proj,3664,429.558
gate_up_proj,3680,430.06
gate_up_proj,3696,430.39
gate_up_proj,3712,430.769
gate_up_proj,3728,431.307
gate_up_proj,3744,431.077
gate_up_proj,3760,431.756
gate_up_proj,3776,431.979
gate_up_proj,3792,432.358
gate_up_proj,3808,432.353
gate_up_proj,3824,433.142
gate_up_proj,3840,433.633
gate_up_proj,3856,449.691
gate_up_proj,3872,449.366
gate_up_proj,3888,449.303
gate_up_proj,3904,450.929
gate_up_proj,3920,450.396
gate_up_proj,3936,451.313
gate_up_proj,3952,451.201
gate_up_proj,3968,452.262
gate_up_proj,3984,452.091
gate_up_proj,4000,452.587
gate_up_proj,4016,452.539
gate_up_proj,4032,453.142
gate_up_proj,4048,452.667
gate_up_proj,4064,452.961
gate_up_proj,4080,454.092
gate_up_proj,4096,455.131
kv_a_layernorm,1,1.7335
kv_a_layernorm,2,1.79733
kv_a_layernorm,3,1.76517
kv_a_layernorm,4,1.75983
kv_a_layernorm,5,1.872
kv_a_layernorm,6,1.80267
kv_a_layernorm,7,1.81867
kv_a_layernorm,8,1.79167
kv_a_layernorm,9,1.7275
kv_a_layernorm,10,1.89333
kv_a_layernorm,11,1.85067
kv_a_layernorm,12,1.76017
kv_a_layernorm,13,1.77583
kv_a_layernorm,14,1.87733
kv_a_layernorm,15,1.88267
kv_a_layernorm,16,1.84533
kv_a_layernorm,20,1.856
kv_a_layernorm,24,1.904
kv_a_layernorm,28,1.99483
kv_a_layernorm,32,1.89333
kv_a_layernorm,36,1.88783
kv_a_layernorm,40,1.904
kv_a_layernorm,44,1.82917
kv_a_layernorm,48,1.89883
kv_a_layernorm,52,2.0745
kv_a_layernorm,56,2.02683
kv_a_layernorm,60,2.02133
kv_a_layernorm,64,2.02133
kv_a_layernorm,80,2.1175
kv_a_layernorm,96,2.10667
kv_a_layernorm,112,2.10683
kv_a_layernorm,128,2.17067
kv_a_layernorm,144,2.5225
kv_a_layernorm,160,2.54917
kv_a_layernorm,176,2.5065
kv_a_layernorm,192,2.1815
kv_a_layernorm,208,2.15467
kv_a_layernorm,224,2.128
kv_a_layernorm,240,2.13833
kv_a_layernorm,256,2.144
kv_a_layernorm,272,2.31483
kv_a_layernorm,288,2.34667
kv_a_layernorm,304,2.352
kv_a_layernorm,320,2.336
kv_a_layernorm,336,2.35733
kv_a_layernorm,352,2.3785
kv_a_layernorm,368,2.34133
kv_a_layernorm,384,2.325
kv_a_layernorm,400,2.45867
kv_a_layernorm,416,2.39483
kv_a_layernorm,432,2.63483
kv_a_layernorm,448,2.5385
kv_a_layernorm,464,2.4425
kv_a_layernorm,480,2.47467
kv_a_layernorm,496,2.448
kv_a_layernorm,512,2.501
kv_a_layernorm,528,2.496
kv_a_layernorm,544,2.512
kv_a_layernorm,560,2.57067
kv_a_layernorm,576,2.55433
kv_a_layernorm,592,2.59183
kv_a_layernorm,608,2.5865
kv_a_layernorm,624,2.592
kv_a_layernorm,640,2.6295
kv_a_layernorm,656,2.55483
kv_a_layernorm,672,2.52783
kv_a_layernorm,688,2.56533
kv_a_layernorm,704,2.56
kv_a_layernorm,720,2.61333
kv_a_layernorm,736,2.5545
kv_a_layernorm,752,2.56
kv_a_layernorm,768,2.62933
kv_a_layernorm,784,2.68783
kv_a_layernorm,800,2.64
kv_a_layernorm,816,2.65067
kv_a_layernorm,832,2.752
kv_a_layernorm,848,2.66667
kv_a_layernorm,864,2.7095
kv_a_layernorm,880,2.76283
kv_a_layernorm,896,2.848
kv_a_layernorm,912,2.8855
kv_a_layernorm,928,2.90117
kv_a_layernorm,944,2.80017
kv_a_layernorm,960,2.79467
kv_a_layernorm,976,2.891
kv_a_layernorm,992,2.85883
kv_a_layernorm,1008,2.91733
kv_a_layernorm,1024,2.9015
kv_a_layernorm,1040,2.832
kv_a_layernorm,1056,2.8905
kv_a_layernorm,1072,2.84767
kv_a_layernorm,1088,2.98133
kv_a_layernorm,1104,2.89083
kv_a_layernorm,1120,2.93333
kv_a_layernorm,1136,2.88533
kv_a_layernorm,1152,2.87967
kv_a_layernorm,1168,2.9495
kv_a_layernorm,1184,2.97083
kv_a_layernorm,1200,3.01867
kv_a_layernorm,1216,2.96017
kv_a_layernorm,1232,3.1625
kv_a_layernorm,1248,3.03467
kv_a_layernorm,1264,3.0505
kv_a_layernorm,1280,3.10933
kv_a_layernorm,1296,3.168
kv_a_layernorm,1312,3.1575
kv_a_layernorm,1328,3.11483
kv_a_layernorm,1344,3.17317
kv_a_layernorm,1360,3.1945
kv_a_layernorm,1376,3.12533
kv_a_layernorm,1392,3.19467
kv_a_layernorm,1408,3.17333
kv_a_layernorm,1424,3.1625
kv_a_layernorm,1440,3.18933
kv_a_layernorm,1456,3.21583
kv_a_layernorm,1472,3.23733
kv_a_layernorm,1488,3.26917
kv_a_layernorm,1504,3.28017
kv_a_layernorm,1520,3.36567
kv_a_layernorm,1536,3.33317
kv_a_layernorm,1552,3.24817
kv_a_layernorm,1568,3.19467
kv_a_layernorm,1584,3.333
kv_a_layernorm,1600,3.28533
kv_a_layernorm,1616,3.33883
kv_a_layernorm,1632,3.33333
kv_a_layernorm,1648,3.39183
kv_a_layernorm,1664,3.328
kv_a_layernorm,1680,3.50417
kv_a_layernorm,1696,3.36533
kv_a_layernorm,1712,3.32817
kv_a_layernorm,1728,3.54133
kv_a_layernorm,1744,3.39183
kv_a_layernorm,1760,3.376
kv_a_layernorm,1776,3.38667
kv_a_layernorm,1792,3.53583
kv_a_layernorm,1808,3.52
kv_a_layernorm,1824,3.4825
kv_a_layernorm,1840,3.45067
kv_a_layernorm,1856,3.50417
kv_a_layernorm,1872,3.5305
kv_a_layernorm,1888,3.50417
kv_a_layernorm,1904,3.69067
kv_a_layernorm,1920,3.62683
kv_a_layernorm,1936,3.5465
kv_a_layernorm,1952,3.5735
kv_a_layernorm,1968,3.52517
kv_a_layernorm,1984,3.62683
kv_a_layernorm,2000,3.57867
kv_a_layernorm,2016,3.62667
kv_a_layernorm,2032,3.552
kv_a_layernorm,2048,3.80283
kv_a_layernorm,2064,3.62667
kv_a_layernorm,2080,3.568
kv_a_layernorm,2096,3.67467
kv_a_layernorm,2112,3.66367
kv_a_layernorm,2128,3.68533
kv_a_layernorm,2144,3.64283
kv_a_layernorm,2160,3.68533
kv_a_layernorm,2176,3.7225
kv_a_layernorm,2192,3.77083
kv_a_layernorm,2208,3.68
kv_a_layernorm,2224,3.73883
kv_a_layernorm,2240,3.7545
kv_a_layernorm,2256,3.7335
kv_a_layernorm,2272,3.78667
kv_a_layernorm,2288,3.73367
kv_a_layernorm,2304,3.93617
kv_a_layernorm,2320,3.968
kv_a_layernorm,2336,3.87733
kv_a_layernorm,2352,3.89867
kv_a_layernorm,2368,4.1065
kv_a_layernorm,2384,3.88283
kv_a_layernorm,2400,4.048
kv_a_layernorm,2416,4.0375
kv_a_layernorm,2432,4.05867
kv_a_layernorm,2448,4.0425
kv_a_layernorm,2464,3.98933
kv_a_layernorm,2480,4.04267
kv_a_layernorm,2496,3.97317
kv_a_layernorm,2512,4.03717
kv_a_layernorm,2528,4.18133
kv_a_layernorm,2544,4.20833
kv_a_layernorm,2560,4.08517
kv_a_layernorm,2576,4.38917
kv_a_layernorm,2592,4.09617
kv_a_layernorm,2608,4.25617
kv_a_layernorm,2624,4.1015
kv_a_layernorm,2640,4.08
kv_a_layernorm,2656,4.23983
kv_a_layernorm,2672,4.18683
kv_a_layernorm,2688,4.245
kv_a_layernorm,2704,4.224
kv_a_layernorm,2720,4.21333
kv_a_layernorm,2736,4.18117
kv_a_layernorm,2752,4.37867
kv_a_layernorm,2768,4.51733
kv_a_layernorm,2784,4.28217
kv_a_layernorm,2800,4.41617
kv_a_layernorm,2816,4.31467
kv_a_layernorm,2832,4.32
kv_a_layernorm,2848,4.224
kv_a_layernorm,2864,4.42133
kv_a_layernorm,2880,4.3255
kv_a_layernorm,2896,4.4265
kv_a_layernorm,2912,4.29333
kv_a_layernorm,2928,4.53817
kv_a_layernorm,2944,4.31467
kv_a_layernorm,2960,4.4745
kv_a_layernorm,2976,4.51183
kv_a_layernorm,2992,4.41067
kv_a_layernorm,3008,4.49583
kv_a_layernorm,3024,4.61333
kv_a_layernorm,3040,4.50667
kv_a_layernorm,3056,4.5545
kv_a_layernorm,3072,4.59233
kv_a_layernorm,3088,4.656
kv_a_layernorm,3104,4.66667
kv_a_layernorm,3120,4.763
kv_a_layernorm,3136,4.68267
kv_a_layernorm,3152,4.55533
kv_a_layernorm,3168,4.864
kv_a_layernorm,3184,4.587
kv_a_layernorm,3200,4.61333
kv_a_layernorm,3216,4.67717
kv_a_layernorm,3232,5.05617
kv_a_layernorm,3248,4.88533
kv_a_layernorm,3264,4.96
kv_a_layernorm,3280,5.05633
kv_a_layernorm,3296,4.88033
kv_a_layernorm,3312,5.136
kv_a_layernorm,3328,5.06133
kv_a_layernorm,3344,4.864
kv_a_layernorm,3360,4.768
kv_a_layernorm,3376,5.03467
kv_a_layernorm,3392,4.95983
kv_a_layernorm,3408,5.05617
kv_a_layernorm,3424,5.08267
kv_a_layernorm,3440,4.92783
kv_a_layernorm,3456,4.95467
kv_a_layernorm,3472,5.09383
kv_a_layernorm,3488,4.90133
kv_a_layernorm,3504,5.536
kv_a_layernorm,3520,4.91217
kv_a_layernorm,3536,5.00283
kv_a_layernorm,3552,5.28017
kv_a_layernorm,3568,4.768
kv_a_layernorm,3584,5.09333
kv_a_layernorm,3600,5.11483
kv_a_layernorm,3616,5.1145
kv_a_layernorm,3632,5.16267
kv_a_layernorm,3648,5.072
kv_a_layernorm,3664,5.35467
kv_a_layernorm,3680,5.472
kv_a_layernorm,3696,5.24817
kv_a_layernorm,3712,5.54667
kv_a_layernorm,3728,5.1465
kv_a_layernorm,3744,5.34383
kv_a_layernorm,3760,5.3655
kv_a_layernorm,3776,5.14683
kv_a_layernorm,3792,5.49367
kv_a_layernorm,3808,5.35483
kv_a_layernorm,3824,5.424
kv_a_layernorm,3840,5.49867
kv_a_layernorm,3856,5.232
kv_a_layernorm,3872,5.2
kv_a_layernorm,3888,5.2375
kv_a_layernorm,3904,5.40783
kv_a_layernorm,3920,5.42933
kv_a_layernorm,3936,5.11983
kv_a_layernorm,3952,5.59467
kv_a_layernorm,3968,5.37617
kv_a_layernorm,3984,5.195
kv_a_layernorm,4000,5.35467
kv_a_layernorm,4016,5.37067
kv_a_layernorm,4032,5.48817
kv_a_layernorm,4048,5.39167
kv_a_layernorm,4064,5.45067
kv_a_layernorm,4080,5.3335
kv_a_layernorm,4096,5.23733
kv_b_proj,528,18.864
kv_b_proj,544,18.6832
kv_b_proj,560,18.9333
kv_b_proj,576,18.7788
kv_b_proj,592,18.7895
kv_b_proj,608,18.9445
kv_b_proj,624,18.896
kv_b_proj,640,18.8107
kv_b_proj,656,18.475
kv_b_proj,672,18.5703
kv_b_proj,688,18.5867
kv_b_proj,704,18.6777
kv_b_proj,720,18.72
kv_b_proj,736,18.88
kv_b_proj,752,18.7412
kv_b_proj,768,18.8958
kv_b_proj,784,21.872
kv_b_proj,800,21.7232
kv_b_proj,816,21.669
kv_b_proj,832,21.6538
kv_b_proj,848,21.9038
kv_b_proj,864,21.7762
kv_b_proj,880,21.9253
kv_b_proj,896,21.9685
kv_b_proj,912,21.867
kv_b_proj,928,21.8508
kv_b_proj,944,22.0053
kv_b_proj,960,22.0267
kv_b_proj,976,22.2825
kv_b_proj,992,22.0802
kv_b_proj,1008,22.256
kv_b_proj,1024,22.4107
kv_b_proj,1040,25.925
kv_b_proj,1056,26.3518
kv_b_proj,1072,26.1602
kv_b_proj,1088,26.3255
kv_b_proj,1104,26.3573
kv_b_proj,1120,26.421
kv_b_proj,1136,26.6403
kv_b_proj,1152,26.853
kv_b_proj,1168,25.984
kv_b_proj,1184,26.0425
kv_b_proj,1200,26.0482
kv_b_proj,1216,26.112
kv_b_proj,1232,26.304
kv_b_proj,1248,26.1972
kv_b_proj,1264,26.2297
kv_b_proj,1280,26.5065
kv_b_proj,1296,29.2162
kv_b_proj,1312,29.3282
kv_b_proj,1328,29.4985
kv_b_proj,1344,29.6217
kv_b_proj,1360,29.6057
kv_b_proj,1376,29.6905
kv_b_proj,1392,29.6277
kv_b_proj,1408,29.6055
kv_b_proj,1424,29.6367
kv_b_proj,1440,29.9998
kv_b_proj,1456,29.749
kv_b_proj,1472,29.888
kv_b_proj,1488,29.808
kv_b_proj,1504,30.2612
kv_b_proj,1520,30.165
kv_b_proj,1536,30.2562
kv_b_proj,1552,33.0138
kv_b_proj,1568,33.0507
kv_b_proj,1584,33.0665
kv_b_proj,1600,33.3923
kv_b_proj,1616,33.227
kv_b_proj,1632,33.4882
kv_b_proj,1648,33.4887
kv_b_proj,1664,33.7548
kv_b_proj,1680,33.8028
kv_b_proj,1696,33.7763
kv_b_proj,1712,33.9572
kv_b_proj,1728,33.7762
kv_b_proj,1744,33.9307
kv_b_proj,1760,34.2932
kv_b_proj,1776,34.096
kv_b_proj,1792,34.064
kv_b_proj,1808,37.04
kv_b_proj,1824,37.424
kv_b_proj,1840,37.2325
kv_b_proj,1856,37.2158
kv_b_proj,1872,37.2005
kv_b_proj,1888,37.7012
kv_b_proj,1904,37.2105
kv_b_proj,1920,37.3543
kv_b_proj,1936,37.7235
kv_b_proj,1952,37.5895
kv_b_proj,1968,37.6218
kv_b_proj,1984,37.5895
kv_b_proj,2000,37.4458
kv_b_proj,2016,37.7332
kv_b_proj,2032,37.9528
kv_b_proj,2048,37.9308
kv_b_proj,2064,41.0825
kv_b_proj,2080,41.9248
kv_b_proj,2096,41.2
kv_b_proj,2112,41.2478
kv_b_proj,2128,41.7545
kv_b_proj,2144,41.8668
kv_b_proj,2160,41.8128
kv_b_proj,2176,41.696
kv_b_proj,2192,42.0533
kv_b_proj,2208,42.0698
kv_b_proj,2224,42.4
kv_b_proj,2240,42.4268
kv_b_proj,2256,42.336
kv_b_proj,2272,41.9415
kv_b_proj,2288,42.3577
kv_b_proj,2304,42.1813
kv_b_proj,2320,44.9335
kv_b_proj,2336,45.2642
kv_b_proj,2352,45.1575
kv_b_proj,2368,44.8748
kv_b_proj,2384,45.5787
kv_b_proj,2400,45.1893
kv_b_proj,2416,45.3228
kv_b_proj,2432,44.9657
kv_b_proj,2448,45.2163
kv_b_proj,2464,45.1365
kv_b_proj,2480,45.4133
kv_b_proj,2496,45.1307
kv_b_proj,2512,45.2855
kv_b_proj,2528,45.4983
kv_b_proj,2544,45.5785
kv_b_proj,2560,45.547
kv_b_proj,2576,48.6665
kv_b_proj,2592,48.603
kv_b_proj,2608,48.5012
kv_b_proj,2624,48.8268
kv_b_proj,2640,48.6828
kv_b_proj,2656,49.0242
kv_b_proj,2672,49.1517
kv_b_proj,2688,49.6375
kv_b_proj,2704,49.2157
kv_b_proj,2720,49.5152
kv_b_proj,2736,49.4187
kv_b_proj,2752,49.44
kv_b_proj,2768,49.4297
kv_b_proj,2784,50.112
kv_b_proj,2800,50.0583
kv_b_proj,2816,50.064
kv_b_proj,2832,52.7413
kv_b_proj,2848,52.928
kv_b_proj,2864,53.0503
kv_b_proj,2880,53.1093
kv_b_proj,2896,53.2267
kv_b_proj,2912,53.2955
kv_b_proj,2928,53.0403
kv_b_proj,2944,53.1895
kv_b_proj,2960,53.307
kv_b_proj,2976,52.8532
kv_b_proj,2992,53.259
kv_b_proj,3008,53.2745
kv_b_proj,3024,53.4775
kv_b_proj,3040,53.1202
kv_b_proj,3056,53.1945
kv_b_proj,3072,53.712
kv_b_proj,3088,56.4963
kv_b_proj,3104,56.8638
kv_b_proj,3120,56.5385
kv_b_proj,3136,56.6293
kv_b_proj,3152,56.6615
kv_b_proj,3168,56.837
kv_b_proj,3184,56.6557
kv_b_proj,3200,57.2427
kv_b_proj,3216,57.1467
kv_b_proj,3232,57.1623
kv_b_proj,3248,57.328
kv_b_proj,3264,57.0978
kv_b_proj,3280,57.1517
kv_b_proj,3296,56.9973
kv_b_proj,3312,57.552
kv_b_proj,3328,57.846
kv_b_proj,3344,60.416
kv_b_proj,3360,60.5868
kv_b_proj,3376,60.774
kv_b_proj,3392,60.3522
kv_b_proj,3408,60.6882
kv_b_proj,3424,60.7197
kv_b_proj,3440,60.784
kv_b_proj,3456,60.7363
kv_b_proj,3472,60.8587
kv_b_proj,3488,60.496
kv_b_proj,3504,61.1412
kv_b_proj,3520,60.9548
kv_b_proj,3536,60.8807
kv_b_proj,3552,60.7682
kv_b_proj,3568,60.8533
kv_b_proj,3584,61.115
kv_b_proj,3600,64.2615
kv_b_proj,3616,64.2937
kv_b_proj,3632,64.5067
kv_b_proj,3648,64.187
kv_b_proj,3664,64.3575
kv_b_proj,3680,64.5657
kv_b_proj,3696,64.4162
kv_b_proj,3712,64.5278
kv_b_proj,3728,64.4427
kv_b_proj,3744,64.5443
kv_b_proj,3760,64.4375
kv_b_proj,3776,64.7948
kv_b_proj,3792,64.4858
kv_b_proj,3808,65.2007
kv_b_proj,3824,65.1255
kv_b_proj,3840,64.8158
kv_b_proj,3856,67.5732
kv_b_proj,3872,68.006
kv_b_proj,3888,68.0113
kv_b_proj,3904,68.2183
kv_b_proj,3920,67.7177
kv_b_proj,3936,67.7812
kv_b_proj,3952,67.9098
kv_b_proj,3968,67.7383
kv_b_proj,3984,68.0695
kv_b_proj,4000,68.1707
kv_b_proj,4016,68.3255
kv_b_proj,4032,68.2028
kv_b_proj,4048,67.9145
kv_b_proj,4064,68.4323
kv_b_proj,4080,68.465
kv_b_proj,4096,68.6833
layernorm,1,2.60792
layernorm,2,2.54967
layernorm,3,2.53075
layernorm,4,2.53608
layernorm,5,2.58933
layernorm,6,2.55742
layernorm,7,2.53617
layernorm,8,2.5575
layernorm,9,2.53633
layernorm,10,2.63458
layernorm,11,2.58942
layernorm,12,2.58675
layernorm,13,2.57883
layernorm,14,2.54392
layernorm,15,2.58933
layernorm,16,2.55992
layernorm,20,2.65858
layernorm,24,2.60275
layernorm,28,2.61075
layernorm,32,2.61875
layernorm,36,2.64525
layernorm,40,2.63475
layernorm,44,2.63217
layernorm,48,2.62683
layernorm,52,2.66667
layernorm,56,2.67725
layernorm,60,2.6695
layernorm,64,2.70408
layernorm,80,2.76
layernorm,96,2.8665
layernorm,112,3.08258
layernorm,128,3.21075
layernorm,144,3.856
layernorm,160,3.89342
layernorm,176,3.93067
layernorm,192,4.0855
layernorm,208,3.94925
layernorm,224,4.10658
layernorm,240,4.21875
layernorm,256,5.224
layernorm,272,5.42675
layernorm,288,5.584
layernorm,304,5.55725
layernorm,320,5.67208
layernorm,336,5.55725
layernorm,352,5.62917
layernorm,368,5.776
layernorm,384,5.9735
layernorm,400,6.28242
layernorm,416,6.50133
layernorm,432,6.58392
layernorm,448,6.77067
layernorm,464,6.87992
layernorm,480,6.94667
layernorm,496,7.00275
layernorm,512,7.2
layernorm,528,7.42933
layernorm,544,7.51483
layernorm,560,7.71742
layernorm,576,7.88
layernorm,592,7.97583
layernorm,608,8.15208
layernorm,624,8.25875
layernorm,640,8.32267
layernorm,656,8.42142
layernorm,672,8.85067
layernorm,688,8.95742
layernorm,704,9.03475
layernorm,720,9.13858
layernorm,736,9.41875
layernorm,752,9.52825
layernorm,768,9.60258
layernorm,784,9.68
layernorm,800,9.94158
layernorm,816,10.1628
layernorm,832,10.3147
layernorm,848,10.5547
layernorm,864,10.5012
layernorm,880,10.7148
layernorm,896,10.9278
layernorm,912,10.9333
layernorm,928,11.1628
layernorm,944,11.2747
layernorm,960,11.6188
layernorm,976,11.8107
layernorm,992,11.8533
layernorm,1008,11.9123
layernorm,1024,11.9735
layernorm,1040,12.4159
layernorm,1056,12.5733
layernorm,1072,14.5093
layernorm,1088,14.8186
layernorm,1104,14.8719
layernorm,1120,15.2187
layernorm,1136,15.3362
layernorm,1152,15.5708
layernorm,1168,15.6721
layernorm,1184,15.7947
layernorm,1200,16.0159
layernorm,1216,16.1094
layernorm,1232,16.1148
layernorm,1248,16.4242
layernorm,1264,16.5068
layernorm,1280,16.3814
layernorm,1296,16.616
layernorm,1312,16.9229
layernorm,1328,16.8986
layernorm,1344,17.1922
layernorm,1360,17.3839
layernorm,1376,17.4453
layernorm,1392,17.7733
layernorm,1408,17.7173
layernorm,1424,17.6772
layernorm,1440,18.16
layernorm,1456,18.1813
layernorm,1472,18.3919
layernorm,1488,18.3013
layernorm,1504,18.5441
layernorm,1520,18.6187
layernorm,1536,18.9121
layernorm,1552,19.1148
layernorm,1568,19.2003
layernorm,1584,19.4721
layernorm,1600,19.6399
layernorm,1616,19.5787
layernorm,1632,19.9523
layernorm,1648,20.0455
layernorm,1664,20.4586
layernorm,1680,20.6643
layernorm,1696,20.7307
layernorm,1712,20.9362
layernorm,1728,21.2747
layernorm,1744,21.1627
layernorm,1760,21.5948
layernorm,1776,21.5042
layernorm,1792,21.8215
layernorm,1808,22.2347
layernorm,1824,22.2535
layernorm,1840,22.5493
layernorm,1856,22.7627
layernorm,1872,23.0454
layernorm,1888,23.1761
layernorm,1904,23.4026
layernorm,1920,23.5493
layernorm,1936,23.8747
layernorm,1952,24.1734
layernorm,1968,24.1894
layernorm,1984,24.576
layernorm,2000,24.856
layernorm,2016,24.9654
layernorm,2032,25.227
layernorm,2048,25.4562
layernorm,2064,25.7601
layernorm,2080,26.2667
layernorm,2096,26.2293
layernorm,2112,26.6533
layernorm,2128,27.4107
layernorm,2144,27.699
layernorm,2160,27.976
layernorm,2176,28.136
layernorm,2192,28.3227
layernorm,2208,28.7841
layernorm,2224,29.0828
layernorm,2240,29.5974
layernorm,2256,29.3895
layernorm,2272,29.8187
layernorm,2288,29.9813
layernorm,2304,30.3946
layernorm,2320,30.0854
layernorm,2336,30.312
layernorm,2352,30.3628
layernorm,2368,30.7254
layernorm,2384,30.6214
layernorm,2400,31.2987
layernorm,2416,31.184
layernorm,2432,31.0588
layernorm,2448,31.2108
layernorm,2464,31.3202
layernorm,2480,31.4693
layernorm,2496,31.9017
layernorm,2512,31.8454
layernorm,2528,32.2001
layernorm,2544,32.2853
layernorm,2560,32.4081
layernorm,2576,32.2775
layernorm,2592,32.656
layernorm,2608,32.6854
layernorm,2624,33.2322
layernorm,2640,33.32
layernorm,2656,33.3921
layernorm,2672,33.5255
layernorm,2688,33.6507
layernorm,2704,33.9281
layernorm,2720,34.1146
layernorm,2736,34.5469
layernorm,2752,34.7813
layernorm,2768,34.608
layernorm,2784,34.6987
layernorm,2800,34.9894
layernorm,2816,35.3763
layernorm,2832,35.4373
layernorm,2848,35.6746
layernorm,2864,36.0001
layernorm,2880,36.2748
layernorm,2896,36.432
layernorm,2912,36.7148
layernorm,2928,36.5973
layernorm,2944,37.0108
layernorm,2960,37.3042
layernorm,2976,37.5787
layernorm,2992,37.5708
layernorm,3008,37.5122
layernorm,3024,37.9599
layernorm,3040,38.1068
layernorm,3056,38.4668
layernorm,3072,38.6347
layernorm,3088,38.6961
layernorm,3104,38.944
layernorm,3120,39.0961
layernorm,3136,39.3948
layernorm,3152,39.1788
layernorm,3168,39.6373
layernorm,3184,39.9363
layernorm,3200,40.0669
layernorm,3216,40.4031
layernorm,3232,40.712
layernorm,3248,40.6535
layernorm,3264,40.9923
layernorm,3280,41.2161
layernorm,3296,41.4613
layernorm,3312,41.6613
layernorm,3328,41.8828
layernorm,3344,41.8588
layernorm,3360,42.096
layernorm,3376,42.4455
layernorm,3392,42.7922
layernorm,3408,42.8188
layernorm,3424,43.1095
layernorm,3440,43.3147
layernorm,3456,43.4588
layernorm,3472,43.5972
layernorm,3488,43.683
layernorm,3504,44.0269
layernorm,3520,44.1413
layernorm,3536,44.3525
layernorm,3552,44.096
layernorm,3568,44.4162
layernorm,3584,44.6828
layernorm,3600,44.8137
layernorm,3616,45.0162
layernorm,3632,45.0827
layernorm,3648,45.4107
layernorm,3664,45.5173
layernorm,3680,45.7654
layernorm,3696,45.9549
layernorm,3712,46.0321
layernorm,3728,46.5548
layernorm,3744,46.6054
layernorm,3760,46.7842
layernorm,3776,46.8112
layernorm,3792,46.8802
layernorm,3808,47.4323
layernorm,3824,47.4561
layernorm,3840,47.9017
layernorm,3856,48.0162
layernorm,3872,48.2562
layernorm,3888,48.3227
layernorm,3904,49.0215
layernorm,3920,48.6962
layernorm,3936,49.3175
layernorm,3952,48.9655
layernorm,3968,49.2163
layernorm,3984,49.4162
layernorm,4000,49.6321
layernorm,4016,50.0401
layernorm,4032,49.8694
layernorm,4048,50.2694
layernorm,4064,50.5093
layernorm,4080,50.7255
layernorm,4096,50.9813
o_proj,1,20.2082
o_proj,2,20.8537
o_proj,3,20.6135
o_proj,4,20.9707
o_proj,5,20.7198
o_proj,6,20.5392
o_proj,7,20.6345
o_proj,8,20.5598
o_proj,9,20.5548
o_proj,10,20.9545
o_proj,11,20.8962
o_proj,12,21.0562
o_proj,13,20.6565
o_proj,14,20.5923
o_proj,15,20.7678
o_proj,16,21.0135
o_proj,20,24.3628
o_proj,24,24.725
o_proj,28,24.5655
o_proj,32,24.5175
o_proj,36,24.7838
o_proj,40,24.0107
o_proj,44,24.8802
o_proj,48,23.4665
o_proj,52,24.1012
o_proj,56,23.6478
o_proj,60,24.0637
o_proj,64,24.0422
o_proj,80,26.9655
o_proj,96,27.1785
o_proj,112,27.76
o_proj,128,27.6692
o_proj,144,44.944
o_proj,160,43.2
o_proj,176,43.2372
o_proj,192,43.5413
o_proj,208,36.4103
o_proj,224,36.1598
o_proj,240,36.1495
o_proj,256,36.5015
o_proj,272,58.571
o_proj,288,58.3625
o_proj,304,58.8588
o_proj,320,58.8637
o_proj,336,43.4992
o_proj,352,43.5517
o_proj,368,43.3703
o_proj,384,43.3443
o_proj,400,65.37
o_proj,416,64.0108
o_proj,432,64.5598
o_proj,448,64.5333
o_proj,464,64.9867
o_proj,480,65.0772
o_proj,496,65.1305
o_proj,512,65.5897
o_proj,528,87.488
o_proj,544,84.6563
o_proj,560,81.403
o_proj,576,80.8377
o_proj,592,79.8562
o_proj,608,80.054
o_proj,624,80.4747
o_proj,640,80.7468
o_proj,656,78.4162
o_proj,672,79.0032
o_proj,688,77.6055
o_proj,704,78.0962
o_proj,720,77.8082
o_proj,736,78.0058
o_proj,752,78.5762
o_proj,768,78.7578
o_proj,784,109.066
o_proj,800,109.088
o_proj,816,108.8
o_proj,832,109.2
o_proj,848,109.334
o_proj,864,109.749
o_proj,880,109.724
o_proj,896,110.379
o_proj,912,109.979
o_proj,928,110.331
o_proj,944,110.859
o_proj,960,111.072
o_proj,976,110.901
o_proj,992,111.478
o_proj,1008,111.659
o_proj,1024,111.701
o_proj,1040,113.872
o_proj,1056,113.84
o_proj,1072,114.182
o_proj,1088,114.053
o_proj,1104,114.481
o_proj,1120,114.774
o_proj,1136,115.419
o_proj,1152,115.435
o_proj,1168,116.075
o_proj,1184,115.867
o_proj,1200,115.808
o_proj,1216,115.68
o_proj,1232,115.84
o_proj,1248,115.52
o_proj,1264,115.798
o_proj,1280,116.571
o_proj,1296,161.371
o_proj,1312,162.091
o_proj,1328,161.926
o_proj,1344,162.8
o_proj,1360,162.742
o_proj,1376,162.736
o_proj,1392,162.614
o_proj,1408,163.125
o_proj,1424,163.494
o_proj,1440,163.846
o_proj,1456,163.654
o_proj,1472,164.048
o_proj,1488,164.475
o_proj,1504,165.254
o_proj,1520,165.643
o_proj,1536,165.563
o_proj,1552,152.795
o_proj,1568,153.499
o_proj,1584,153.631
o_proj,1600,153.814
o_proj,1616,154.4
o_proj,1632,154.891
o_proj,1648,154.977
o_proj,1664,154.576
o_proj,1680,155.553
o_proj,1696,155.372
o_proj,1712,155.542
o_proj,1728,156.139
o_proj,1744,157.265
o_proj,1760,157.562
o_proj,1776,156.646
o_proj,1792,156.72
o_proj,1808,213.163
o_proj,1824,214.539
o_proj,1840,213.632
o_proj,1856,213.739
o_proj,1872,214.629
o_proj,1888,214.811
o_proj,1904,215.232
o_proj,1920,215.611
o_proj,1936,216.389
o_proj,1952,216.619
o_proj,1968,215.862
o_proj,1984,214.981
o_proj,2000,216.155
o_proj,2016,216.123
o_proj,2032,216.432
o_proj,2048,216.571
o_proj,2064,200.033
o_proj,2080,201.627
o_proj,2096,201.435
o_proj,2112,200.368
o_proj,2128,200.843
o_proj,2144,201.297
o_proj,2160,201.856
o_proj,2176,201.643
o_proj,2192,202.267
o_proj,2208,201.931
o_proj,2224,202.315
o_proj,2240,203.328
o_proj,2256,202.8
o_proj,2272,203.67
o_proj,2288,203.622
o_proj,2304,203.35
o_proj,2320,264.678
o_proj,2336,264.086
o_proj,2352,265.083
o_proj,2368,265.174
o_proj,2384,266.032
o_proj,2400,266.187
o_proj,2416,266.539
o_proj,2432,266.71
o_proj,2448,267.169
o_proj,2464,268.299
o_proj,2480,268.486
o_proj,2496,267.82
o_proj,2512,268.172
o_proj,2528,267.979
o_proj,2544,268.033
o_proj,2560,269.067
o_proj,2576,246.374
o_proj,2592,246.699
o_proj,2608,247.302
o_proj,2624,247.536
o_proj,2640,248.587
o_proj,2656,248.251
o_proj,2672,247.67
o_proj,2688,248.987
o_proj,2704,248.475
o_proj,2720,248.668
o_proj,2736,248.891
o_proj,2752,250.619
o_proj,2768,249.435
o_proj,2784,250.049
o_proj,2800,249.926
o_proj,2816,250.784
o_proj,2832,316.619
o_proj,2848,317.424
o_proj,2864,317.019
o_proj,2880,317.387
o_proj,2896,317.659
o_proj,2912,318.182
o_proj,2928,317.685
o_proj,2944,318.619
o_proj,2960,319.771
o_proj,2976,319.28
o_proj,2992,319.83
o_proj,3008,319.771
o_proj,3024,320.011
o_proj,3040,320.123
o_proj,3056,320.716
o_proj,3072,320.278
o_proj,3088,294.603
o_proj,3104,294.934
o_proj,3120,295.345
o_proj,3136,295.451
o_proj,3152,296.102
o_proj,3168,295.575
o_proj,3184,296.475
o_proj,3200,297.142
o_proj,3216,296.619
o_proj,3232,297.003
o_proj,3248,297.126
o_proj,3264,297.862
o_proj,3280,297.584
o_proj,3296,297.756
o_proj,3312,297.926
o_proj,3328,298.091
o_proj,3344,298.705
o_proj,3360,299.675
o_proj,3376,299.35
o_proj,3392,299.276
o_proj,3408,299.846
o_proj,3424,299.473
o_proj,3440,300.998
o_proj,3456,300.497
o_proj,3472,301.537
o_proj,3488,301.19
o_proj,3504,301.334
o_proj,3520,301.328
o_proj,3536,302.193
o_proj,3552,302.086
o_proj,3568,302.502
o_proj,3584,302.342
o_proj,3600,342.593
o_proj,3616,342.907
o_proj,3632,342.325
o_proj,3648,342.817
o_proj,3664,342.934
o_proj,3680,344.902
o_proj,3696,343.355
o_proj,3712,343.91
o_proj,3728,344.582
o_proj,3744,344.624
o_proj,3760,345.111
o_proj,3776,345.847
o_proj,3792,344.993
o_proj,3808,345.623
o_proj,3824,345.862
o_proj,3840,345.622
o_proj,3856,344.497
o_proj,3872,345.27
o_proj,3888,345.345
o_proj,3904,346.95
o_proj,3920,346.331
o_proj,3936,346.593
o_proj,3952,346.987
o_proj,3968,346.982
o_proj,3984,347.75
o_proj,4000,347.275
o_proj,4016,347.526
o_proj,4032,348.177
o_proj,4048,347.67
o_proj,4064,348.651
o_proj,4080,348.465
o_proj,4096,349.051
q_a_layernorm,1,1.824
q_a_layernorm,2,1.86133
q_a_layernorm,3,1.76517
q_a_layernorm,4,1.78117
q_a_layernorm,5,1.7225
q_a_layernorm,6,1.81333
q_a_layernorm,7,1.74933
q_a_layernorm,8,1.776
q_a_layernorm,9,1.72267
q_a_layernorm,10,1.7385
q_a_layernorm,11,1.77083
q_a_layernorm,12,1.78133
q_a_layernorm,13,1.85617
q_a_layernorm,14,1.85583
q_a_layernorm,15,1.8185
q_a_layernorm,16,1.77067
q_a_layernorm,20,1.78117
q_a_layernorm,24,1.76517
q_a_layernorm,28,1.95733
q_a_layernorm,32,1.90967
q_a_layernorm,36,1.87217
q_a_layernorm,40,1.85067
q_a_layernorm,44,1.888
q_a_layernorm,48,1.968
q_a_layernorm,52,1.936
q_a_layernorm,56,1.86133
q_a_layernorm,60,1.92533
q_a_layernorm,64,1.94133
q_a_layernorm,80,1.9305
q_a_layernorm,96,1.96267
q_a_layernorm,112,2.03717
q_a_layernorm,128,2.096
q_a_layernorm,144,2.06383
q_a_layernorm,160,2.13867
q_a_layernorm,176,2.1175
q_a_layernorm,192,2.12783
q_a_layernorm,208,2.144
q_a_layernorm,224,2.09583
q_a_layernorm,240,2.17617
q_a_layernorm,256,2.1655
q_a_layernorm,272,2.2935
q_a_layernorm,288,2.19217
q_a_layernorm,304,2.19217
q_a_layernorm,320,2.30383
q_a_layernorm,336,2.24
q_a_layernorm,352,2.21867
q_a_layernorm,368,2.30917
q_a_layernorm,384,2.25617
q_a_layernorm,400,2.29883
q_a_layernorm,416,2.37867
q_a_layernorm,432,2.44283
q_a_layernorm,448,2.38933
q_a_layernorm,464,2.38917
q_a_layernorm,480,2.41083
q_a_layernorm,496,2.43183
q_a_layernorm,512,2.45867
q_a_layernorm,528,2.33067
q_a_layernorm,544,2.45867
q_a_layernorm,560,2.3575
q_a_layernorm,576,2.52283
q_a_layernorm,592,2.27233
q_a_layernorm,608,2.37883
q_a_layernorm,624,2.32
q_a_layernorm,640,2.37883
q_a_layernorm,656,2.37883
q_a_layernorm,672,2.33067
q_a_layernorm,688,2.384
q_a_layernorm,704,2.39467
q_a_layernorm,720,2.4
q_a_layernorm,736,2.384
q_a_layernorm,752,2.45883
q_a_layernorm,768,2.464
q_a_layernorm,784,2.69867
q_a_layernorm,800,2.7415
q_a_layernorm,816,2.78417
q_a_layernorm,832,2.832
q_a_layernorm,848,2.64033
q_a_layernorm,864,2.63433
q_a_layernorm,880,2.6185
q_a_layernorm,896,2.64
q_a_layernorm,912,2.66133
q_a_layernorm,928,2.70933
q_a_layernorm,944,2.784
q_a_layernorm,960,2.78933
q_a_layernorm,976,2.816
q_a_layernorm,992,2.83167
q_a_layernorm,1008,2.82683
q_a_layernorm,1024,2.78383
q_a_layernorm,1040,2.944
q_a_layernorm,1056,3.024
q_a_layernorm,1072,3.20017
q_a_layernorm,1088,3.17333
q_a_layernorm,1104,3.17883
q_a_layernorm,1120,3.41333
q_a_layernorm,1136,3.232
q_a_layernorm,1152,3.184
q_a_layernorm,1168,2.99733
q_a_layernorm,1184,2.976
q_a_layernorm,1200,3.07733
q_a_layernorm,1216,3.077
q_a_layernorm,1232,3.16267
q_a_layernorm,1248,3.11983
q_a_layernorm,1264,3.168
q_a_layernorm,1280,3.11983
q_a_layernorm,1296,3.168
q_a_layernorm,1312,3.18917
q_a_layernorm,1328,3.43983
q_a_layernorm,1344,3.57333
q_a_layernorm,1360,3.62117
q_a_layernorm,1376,3.616
q_a_layernorm,1392,3.74433
q_a_layernorm,1408,3.76033
q_a_layernorm,1424,3.82417
q_a_layernorm,1440,3.82933
q_a_layernorm,1456,3.90933
q_a_layernorm,1472,3.936
q_a_layernorm,1488,3.94683
q_a_layernorm,1504,3.90383
q_a_layernorm,1520,3.91983
q_a_layernorm,1536,3.96267
q_a_layernorm,1552,3.9945
q_a_layernorm,1568,4.01083
q_a_layernorm,1584,4.064
q_a_layernorm,1600,4.09067
q_a_layernorm,1616,4.112
q_a_layernorm,1632,4.13883
q_a_layernorm,1648,4.17633
q_a_layernorm,1664,4.19733
q_a_layernorm,1680,4.144
q_a_layernorm,1696,4.11733
q_a_layernorm,1712,4.06933
q_a_layernorm,1728,4.112
q_a_layernorm,1744,4.17583
q_a_layernorm,1760,4.144
q_a_layernorm,1776,4.2185
q_a_layernorm,1792,4.22917
q_a_layernorm,1808,4.38417
q_a_layernorm,1824,4.45317
q_a_layernorm,1840,4.56
q_a_layernorm,1856,4.37883
q_a_layernorm,1872,4.496
q_a_layernorm,1888,4.61333
q_a_layernorm,1904,4.66117
q_a_layernorm,1920,4.56
q_a_layernorm,1936,4.4585
q_a_layernorm,1952,4.528
q_a_layernorm,1968,4.5705
q_a_layernorm,1984,4.53333
q_a_layernorm,2000,4.73083
q_a_layernorm,2016,4.69317
q_a_layernorm,2032,4.76817
q_a_layernorm,2048,4.78967
q_a_layernorm,2064,5.01317
q_a_layernorm,2080,5.115
q_a_layernorm,2096,4.96
q_a_layernorm,2112,5.072
q_a_layernorm,2128,5.0665
q_a_layernorm,2144,5.168
q_a_layernorm,2160,5.1145
q_a_layernorm,2176,5.3605
q_a_layernorm,2192,5.02433
q_a_layernorm,2208,5.01317
q_a_layernorm,2224,5.00233
q_a_layernorm,2240,4.9975
q_a_layernorm,2256,5.072
q_a_layernorm,2272,5.045
q_a_layernorm,2288,5.0455
q_a_layernorm,2304,5.15733
q_a_layernorm,2320,5.2055
q_a_layernorm,2336,5.29083
q_a_layernorm,2352,5.29633
q_a_layernorm,2368,5.19467
q_a_layernorm,2384,5.33883
q_a_layernorm,2400,5.47217
q_a_layernorm,2416,5.34417
q_a_layernorm,2432,5.49333
q_a_layernorm,2448,5.57317
q_a_layernorm,2464,5.45567
q_a_layernorm,2480,5.46133
q_a_layernorm,2496,5.49333
q_a_layernorm,2512,5.62667
q_a_layernorm,2528,5.68533
q_a_layernorm,2544,5.60017
q_a_layernorm,2560,5.63733
q_a_layernorm,2576,5.69067
q_a_layernorm,2592,5.62683
q_a_layernorm,2608,5.80783
q_a_layernorm,2624,5.69567
q_a_layernorm,2640,5.72267
q_a_layernorm,2656,5.99483
q_a_layernorm,2672,6.064
q_a_layernorm,2688,6.45333
q_a_layernorm,2704,6.208
q_a_layernorm,2720,6.2665
q_a_layernorm,2736,6.27167
q_a_layernorm,2752,6.2295
q_a_layernorm,2768,6.31483
q_a_layernorm,2784,6.32533
q_a_layernorm,2800,6.34133
q_a_layernorm,2816,6.512
q_a_layernorm,2832,6.416
q_a_layernorm,2848,6.4855
q_a_layernorm,2864,6.464
q_a_layernorm,2880,6.54933
q_a_layernorm,2896,6.56017
q_a_layernorm,2912,6.51183
q_a_layernorm,2928,6.51733
q_a_layernorm,2944,6.48017
q_a_layernorm,2960,6.62967
q_a_layernorm,2976,6.63467
q_a_layernorm,2992,6.656
q_a_layernorm,3008,6.84317
q_a_layernorm,3024,6.72
q_a_layernorm,3040,6.7255
q_a_layernorm,3056,6.72
q_a_layernorm,3072,6.75733
q_a_layernorm,3088,6.69333
q_a_layernorm,3104,6.71467
q_a_layernorm,3120,6.81067
q_a_layernorm,3136,6.75717
q_a_layernorm,3152,6.76267
q_a_layernorm,3168,6.78383
q_a_layernorm,3184,6.8
q_a_layernorm,3200,6.896
q_a_layernorm,3216,6.864
q_a_layernorm,3232,6.82633
q_a_layernorm,3248,6.8535
q_a_layernorm,3264,6.90133
q_a_layernorm,3280,7.08817
q_a_layernorm,3296,6.86933
q_a_layernorm,3312,7.1575
q_a_layernorm,3328,6.93333
q_a_layernorm,3344,7.2
q_a_layernorm,3360,7.13617
q_a_layernorm,3376,7.12
q_a_layernorm,3392,7.08267
q_a_layernorm,3408,7.28567
q_a_layernorm,3424,7.14683
q_a_layernorm,3440,7.20017
q_a_layernorm,3456,7.40267
q_a_layernorm,3472,7.3015
q_a_layernorm,3488,7.22683
q_a_layernorm,3504,7.29067
q_a_layernorm,3520,7.296
q_a_layernorm,3536,7.456
q_a_layernorm,3552,7.32833
q_a_layernorm,3568,7.37067
q_a_layernorm,3584,7.4025
q_a_layernorm,3600,7.44
q_a_layernorm,3616,7.43467
q_a_layernorm,3632,7.57867
q_a_layernorm,3648,7.61583
q_a_layernorm,3664,7.5735
q_a_layernorm,3680,7.68017
q_a_layernorm,3696,7.52
q_a_layernorm,3712,7.61567
q_a_layernorm,3728,7.63733
q_a_layernorm,3744,7.57883
q_a_layernorm,3760,7.66367
q_a_layernorm,3776,7.62133
q_a_layernorm,3792,7.70133
q_a_layernorm,3808,7.70133
q_a_layernorm,3824,7.739
q_a_layernorm,3840,7.696
q_a_layernorm,3856,8.2825
q_a_layernorm,3872,8.15983
q_a_layernorm,3888,8.13867
q_a_layernorm,3904,8.1655
q_a_layernorm,3920,8.229
q_a_layernorm,3936,8.2665
q_a_layernorm,3952,8.32533
q_a_layernorm,3968,8.21867
q_a_layernorm,3984,8.18667
q_a_layernorm,4000,8.176
q_a_layernorm,4016,8.45317
q_a_layernorm,4032,8.4375
q_a_layernorm,4048,8.37883
q_a_layernorm,4064,8.5335
q_a_layernorm,4080,8.6185
q_a_layernorm,4096,8.59733
q_b_proj,1,9.53633
q_b_proj,2,9.57867
q_b_proj,3,9.424
q_b_proj,4,9.5735
q_b_proj,5,9.58417
q_b_proj,6,9.65867
q_b_proj,7,9.49367
q_b_proj,8,9.6855
q_b_proj,9,9.94117
q_b_proj,10,9.80817
q_b_proj,11,9.77083
q_b_proj,12,9.68517
q_b_proj,13,9.637
q_b_proj,14,9.68483
q_b_proj,15,9.85033
q_b_proj,16,9.707
q_b_proj,20,9.52033
q_b_proj,24,9.6855
q_b_proj,28,10.32
q_b_proj,32,11.1733
q_b_proj,36,11.296
q_b_proj,40,11.1682
q_b_proj,44,11.2002
q_b_proj,48,11.2218
q_b_proj,52,11.4295
q_b_proj,56,11.1523
q_b_proj,60,11.0083
q_b_proj,64,11.0882
q_b_proj,80,11.904
q_b_proj,96,11.7813
q_b_proj,112,11.7655
q_b_proj,128,11.83
q_b_proj,144,17.7812
q_b_proj,160,18.0212
q_b_proj,176,17.8933
q_b_proj,192,17.8132
q_b_proj,208,14.9545
q_b_proj,224,14.8692
q_b_proj,240,14.9705
q_b_proj,256,15.056
q_b_proj,272,22.0958
q_b_proj,288,21.8398
q_b_proj,304,21.504
q_b_proj,320,21.5945
q_b_proj,336,21.5573
q_b_proj,352,21.552
q_b_proj,368,22.0218
q_b_proj,384,22.0213
q_b_proj,400,22.5492
q_b_proj,416,22.4587
q_b_proj,432,22.5973
q_b_proj,448,22.5493
q_b_proj,464,22.6082
q_b_proj,480,23.04
q_b_proj,496,22.763
q_b_proj,512,22.8428
q_b_proj,528,30.7995
q_b_proj,544,30.2077
q_b_proj,560,30.715
q_b_proj,576,30.304
q_b_proj,592,30.3628
q_b_proj,608,30.3307
q_b_proj,624,30.6453
q_b_proj,640,30.4805
q_b_proj,656,29.3283
q_b_proj,672,29.525
q_b_proj,688,29.4133
q_b_proj,704,29.7173
q_b_proj,720,29.7767
q_b_proj,736,30.128
q_b_proj,752,29.904
q_b_proj,768,30.0747
q_b_proj,784,35.0667
q_b_proj,800,35.1682
q_b_proj,816,35.0615
q_b_proj,832,35.0612
q_b_proj,848,34.8853
q_b_proj,864,34.9815
q_b_proj,880,35.0507
q_b_proj,896,35.6267
q_b_proj,912,35.856
q_b_proj,928,36.272
q_b_proj,944,36.08
q_b_proj,960,36.0587
q_b_proj,976,36.1172
q_b_proj,992,36.2403
q_b_proj,1008,36.426
q_b_proj,1024,36.443
q_b_proj,1040,44.645
q_b_proj,1056,44.5282
q_b_proj,1072,44.6187
q_b_proj,1088,44.4638
q_b_proj,1104,44.7463
q_b_proj,1120,44.7467
q_b_proj,1136,44.6397
q_b_proj,1152,44.9282
q_b_proj,1168,45.1202
q_b_proj,1184,44.8322
q_b_proj,1200,45.0825
q_b_proj,1216,45.1198
q_b_proj,1232,45.3605
q_b_proj,1248,45.1627
q_b_proj,1264,45.3975
q_b_proj,1280,45.243
q_b_proj,1296,60.032
q_b_proj,1312,60.464
q_b_proj,1328,60.1817
q_b_proj,1344,60.581
q_b_proj,1360,60.6345
q_b_proj,1376,60.7255
q_b_proj,1392,60.6352
q_b_proj,1408,60.7737
q_b_proj,1424,61.1203
q_b_proj,1440,61.0887
q_b_proj,1456,60.9502
q_b_proj,1472,61.2642
q_b_proj,1488,61.152
q_b_proj,1504,61.2053
q_b_proj,1520,61.5733
q_b_proj,1536,61.685
q_b_proj,1552,71.1305
q_b_proj,1568,70.3738
q_b_proj,1584,71.3762
q_b_proj,1600,70.7575
q_b_proj,1616,71.0402
q_b_proj,1632,71.057
q_b_proj,1648,71.3223
q_b_proj,1664,71.1145
q_b_proj,1680,71.3548
q_b_proj,1696,71.216
q_b_proj,1712,71.4675
q_b_proj,1728,71.5683
q_b_proj,1744,71.6798
q_b_proj,1760,72.08
q_b_proj,1776,72.272
q_b_proj,1792,71.9197
q_b_proj,1808,62.9918
q_b_proj,1824,63.6052
q_b_proj,1840,63.525
q_b_proj,1856,63.2373
q_b_proj,1872,63.7122
q_b_proj,1888,63.728
q_b_proj,1904,63.9207
q_b_proj,1920,63.6003
q_b_proj,1936,64.0217
q_b_proj,1952,63.9575
q_b_proj,1968,63.6423
q_b_proj,1984,63.803
q_b_proj,2000,63.819
q_b_proj,2016,63.7277
q_b_proj,2032,63.8823
q_b_proj,2048,64.0267
q_b_proj,2064,72.1602
q_b_proj,2080,72.885
q_b_proj,2096,72.6987
q_b_proj,2112,72.5918
q_b_proj,2128,72.8427
q_b_proj,2144,73.0295
q_b_proj,2160,73.0617
q_b_proj,2176,73.0938
q_b_proj,2192,73.9253
q_b_proj,2208,73.5737
q_b_proj,2224,73.5947
q_b_proj,2240,73.8613
q_b_proj,2256,73.968
q_b_proj,2272,73.9732
q_b_proj,2288,74.2458
q_b_proj,2304,74.3045
q_b_proj,2320,81.6537
q_b_proj,2336,81.8028
q_b_proj,2352,81.4455
q_b_proj,2368,81.6588
q_b_proj,2384,82.1652
q_b_proj,2400,81.7708
q_b_proj,2416,82.075
q_b_proj,2432,81.9467
q_b_proj,2448,82.24
q_b_proj,2464,82.24
q_b_proj,2480,82.416
q_b_proj,2496,82.3472
q_b_proj,2512,82.3682
q_b_proj,2528,82.7097
q_b_proj,2544,82.5812
q_b_proj,2560,82.7312
q_b_proj,2576,82.6505
q_b_proj,2592,82.7357
q_b_proj,2608,82.8752
q_b_proj,2624,82.9602
q_b_proj,2640,83.328
q_b_proj,2656,83.4508
q_b_proj,2672,83.35
q_b_proj,2688,83.5677
q_b_proj,2704,83.5093
q_b_proj,2720,83.7015
q_b_proj,2736,83.6108
q_b_proj,2752,83.9467
q_b_proj,2768,83.7392
q_b_proj,2784,84.0373
q_b_proj,2800,84.1975
q_b_proj,2816,84.5333
q_b_proj,2832,92.1492
q_b_proj,2848,92.1707
q_b_proj,2864,92.0645
q_b_proj,2880,92.3097
q_b_proj,2896,92.395
q_b_proj,2912,92.48
q_b_proj,2928,92.4372
q_b_proj,2944,92.592
q_b_proj,2960,92.5975
q_b_proj,2976,92.619
q_b_proj,2992,93.0032
q_b_proj,3008,93.3443
q_b_proj,3024,93.797
q_b_proj,3040,93.7387
q_b_proj,3056,93.7282
q_b_proj,3072,93.9465
q_b_proj,3088,100.938
q_b_proj,3104,100.758
q_b_proj,3120,101.36
q_b_proj,3136,101.419
q_b_proj,3152,101.281
q_b_proj,3168,101.872
q_b_proj,3184,101.91
q_b_proj,3200,102.224
q_b_proj,3216,102.347
q_b_proj,3232,102.411
q_b_proj,3248,102.4
q_b_proj,3264,102.347
q_b_proj,3280,102.427
q_b_proj,3296,102.437
q_b_proj,3312,103.072
q_b_proj,3328,103.216
q_b_proj,3344,110.043
q_b_proj,3360,110.523
q_b_proj,3376,110.389
q_b_proj,3392,110.55
q_b_proj,3408,110.421
q_b_proj,3424,110.837
q_b_proj,3440,110.837
q_b_proj,3456,111.121
q_b_proj,3472,111.259
q_b_proj,3488,111.515
q_b_proj,3504,111.675
q_b_proj,3520,111.776
q_b_proj,3536,112.507
q_b_proj,3552,112.219
q_b_proj,3568,111.889
q_b_proj,3584,112.63
q_b_proj,3600,112.267
q_b_proj,3616,112.251
q_b_proj,3632,112.411
q_b_proj,3648,112.528
q_b_proj,3664,112.747
q_b_proj,3680,113.024
q_b_proj,3696,112.801
q_b_proj,3712,112.805
q_b_proj,3728,113.162
q_b_proj,3744,113.163
q_b_proj,3760,113.76
q_b_proj,3776,113.712
q_b_proj,3792,113.642
q_b_proj,3808,113.6
q_b_proj,3824,113.227
q_b_proj,3840,113.334
q_b_proj,3856,120.721
q_b_proj,3872,121.317
q_b_proj,3888,120.881
q_b_proj,3904,120.998
q_b_proj,3920,120.907
q_b_proj,3936,121.601
q_b_proj,3952,121.723
q_b_proj,3968,121.568
q_b_proj,3984,121.43
q_b_proj,4000,121.382
q_b_proj,4016,121.419
q_b_proj,4032,121.525
q_b_proj,4048,121.462
q_b_proj,4064,122.358
q_b_proj,4080,122.32
q_b_proj,4096,122.262
rotary_emb,1,1.53083
rotary_emb,2,1.5735
rotary_emb,3,1.55717
rotary_emb,4,1.664
rotary_emb,5,1.55717
rotary_emb,6,1.5575
rotary_emb,7,1.56783
rotary_emb,8,1.5415
rotary_emb,9,1.61067
rotary_emb,10,1.55733
rotary_emb,11,1.5785
rotary_emb,12,1.64267
rotary_emb,13,1.6265
rotary_emb,14,1.6055
rotary_emb,15,1.584
rotary_emb,16,1.59483
rotary_emb,20,1.74933
rotary_emb,24,1.78117
rotary_emb,28,1.8345
rotary_emb,32,1.81867
rotary_emb,36,1.77083
rotary_emb,40,1.80267
rotary_emb,44,1.81367
rotary_emb,48,1.85583
rotary_emb,52,1.85567
rotary_emb,56,1.80767
rotary_emb,60,1.813
rotary_emb,64,1.88783
rotary_emb,80,1.94117
rotary_emb,96,1.97867
rotary_emb,112,2.15467
rotary_emb,128,2.05867
rotary_emb,144,2.2135
rotary_emb,160,2.24
rotary_emb,176,2.27717
rotary_emb,192,2.30917
rotary_emb,208,2.464
rotary_emb,224,2.50133
rotary_emb,240,2.54933
rotary_emb,256,2.53883
rotary_emb,272,2.624
rotary_emb,288,2.69317
rotary_emb,304,2.7575
rotary_emb,320,2.74667
rotary_emb,336,2.864
rotary_emb,352,2.8535
rotary_emb,368,3.02917
rotary_emb,384,2.944
rotary_emb,400,3.08833
rotary_emb,416,3.07183
rotary_emb,432,3.16817
rotary_emb,448,3.13633
rotary_emb,464,3.28033
rotary_emb,480,3.30117
rotary_emb,496,3.34933
rotary_emb,512,3.36017
rotary_emb,528,3.728
rotary_emb,544,3.856
rotary_emb,560,3.86133
rotary_emb,576,3.86683
rotary_emb,592,4.0425
rotary_emb,608,4.05883
rotary_emb,624,4.08
rotary_emb,640,4.0055
rotary_emb,656,4.06383
rotary_emb,672,4.04267
rotary_emb,688,4.07433
rotary_emb,704,4.10133
rotary_emb,720,4.10133
rotary_emb,736,4.18133
rotary_emb,752,4.12233
rotary_emb,768,4.2825
rotary_emb,784,4.34133
rotary_emb,800,4.33617
rotary_emb,816,4.41067
rotary_emb,832,4.56
rotary_emb,848,4.62933
rotary_emb,864,4.7465
rotary_emb,880,4.82133
rotary_emb,896,4.80017
rotary_emb,912,4.912
rotary_emb,928,4.976
rotary_emb,944,4.99767
rotary_emb,960,5.08783
rotary_emb,976,5.23217
rotary_emb,992,5.184
rotary_emb,1008,5.264
rotary_emb,1024,5.34383
rotary_emb,1040,5.41867
rotary_emb,1056,5.49867
rotary_emb,1072,5.54667
rotary_emb,1088,5.64783
rotary_emb,1104,5.62667
rotary_emb,1120,5.72267
rotary_emb,1136,5.824
rotary_emb,1152,5.803
rotary_emb,1168,5.86167
rotary_emb,1184,5.952
rotary_emb,1200,5.98917
rotary_emb,1216,6.01083
rotary_emb,1232,6.12817
rotary_emb,1248,6.1655
rotary_emb,1264,6.3145
rotary_emb,1280,6.3465
rotary_emb,1296,6.3575
rotary_emb,1312,6.66167
rotary_emb,1328,6.6135
rotary_emb,1344,6.57583
rotary_emb,1360,6.6295
rotary_emb,1376,6.629
rotary_emb,1392,6.6775
rotary_emb,1408,6.81067
rotary_emb,1424,6.85867
rotary_emb,1440,6.87983
rotary_emb,1456,6.95483
rotary_emb,1472,7.0135
rotary_emb,1488,7.1145
rotary_emb,1504,7.35483
rotary_emb,1520,7.29583
rotary_emb,1536,7.328
rotary_emb,1552,7.52017
rotary_emb,1568,7.47217
rotary_emb,1584,7.60517
rotary_emb,1600,7.648
rotary_emb,1616,7.69083
rotary_emb,1632,7.872
rotary_emb,1648,7.8025
rotary_emb,1664,7.92017
rotary_emb,1680,7.97867
rotary_emb,1696,8.00033
rotary_emb,1712,8.09083
rotary_emb,1728,8.09083
rotary_emb,1744,8.224
rotary_emb,1760,8.30933
rotary_emb,1776,8.3945
rotary_emb,1792,8.58667
rotary_emb,1808,8.7785
rotary_emb,1824,8.78917
rotary_emb,1840,8.83217
rotary_emb,1856,8.933
rotary_emb,1872,9.1095
rotary_emb,1888,9.08267
rotary_emb,1904,9.17333
rotary_emb,1920,9.47733
rotary_emb,1936,9.36533
rotary_emb,1952,9.57333
rotary_emb,1968,9.58417
rotary_emb,1984,9.6535
rotary_emb,2000,9.7065
rotary_emb,2016,10.1547
rotary_emb,2032,9.92533
rotary_emb,2048,9.93083
rotary_emb,2064,9.888
rotary_emb,2080,10.0693
rotary_emb,2096,10.101
rotary_emb,2112,10.1227
rotary_emb,2128,10.2937
rotary_emb,2144,10.3468
rotary_emb,2160,10.4802
rotary_emb,2176,10.6025
rotary_emb,2192,10.8373
rotary_emb,2208,10.6613
rotary_emb,2224,10.8963
rotary_emb,2240,11.045
rotary_emb,2256,10.9228
rotary_emb,2272,11.1628
rotary_emb,2288,11.344
rotary_emb,2304,11.2428
rotary_emb,2320,10.9495
rotary_emb,2336,11.1465
rotary_emb,2352,11.152
rotary_emb,2368,11.3175
rotary_emb,2384,11.4932
rotary_emb,2400,11.4613
rotary_emb,2416,11.5097
rotary_emb,2432,11.6213
rotary_emb,2448,11.8293
rotary_emb,2464,11.9467
rotary_emb,2480,12.0053
rotary_emb,2496,12.0852
rotary_emb,2512,12.224
rotary_emb,2528,12.432
rotary_emb,2544,12.5492
rotary_emb,2560,12.8747
rotary_emb,2576,12.9068
rotary_emb,2592,13.0027
rotary_emb,2608,12.9708
rotary_emb,2624,13.0347
rotary_emb,2640,13.136
rotary_emb,2656,13.1733
rotary_emb,2672,13.4185
rotary_emb,2688,13.632
rotary_emb,2704,13.5573
rotary_emb,2720,13.552
rotary_emb,2736,13.6748
rotary_emb,2752,14.0695
rotary_emb,2768,14.0002
rotary_emb,2784,14.2185
rotary_emb,2800,14.1862
rotary_emb,2816,14.1708
rotary_emb,2832,14.3255
rotary_emb,2848,14.5333
rotary_emb,2864,14.6507
rotary_emb,2880,14.624
rotary_emb,2896,14.6773
rotary_emb,2912,14.9867
rotary_emb,2928,15.0507
rotary_emb,2944,14.9493
rotary_emb,2960,15.12
rotary_emb,2976,15.0987
rotary_emb,2992,15.12
rotary_emb,3008,15.312
rotary_emb,3024,15.7813
rotary_emb,3040,15.5093
rotary_emb,3056,15.6217
rotary_emb,3072,15.5733
rotary_emb,3088,15.9893
rotary_emb,3104,15.7602
rotary_emb,3120,15.9947
rotary_emb,3136,16.1922
rotary_emb,3152,16.2828
rotary_emb,3168,16.3788
rotary_emb,3184,16.5225
rotary_emb,3200,16.2827
rotary_emb,3216,16.4855
rotary_emb,3232,16.5387
rotary_emb,3248,16.6082
rotary_emb,3264,16.928
rotary_emb,3280,16.992
rotary_emb,3296,17.104
rotary_emb,3312,16.9227
rotary_emb,3328,17.0935
rotary_emb,3344,17.4027
rotary_emb,3360,17.2425
rotary_emb,3376,17.6162
rotary_emb,3392,17.6053
rotary_emb,3408,17.76
rotary_emb,3424,17.7067
rotary_emb,3440,17.7493
rotary_emb,3456,17.696
rotary_emb,3472,18.0802
rotary_emb,3488,18.096
rotary_emb,3504,18.0588
rotary_emb,3520,18.0638
rotary_emb,3536,18.155
rotary_emb,3552,18.4855
rotary_emb,3568,18.8162
rotary_emb,3584,18.6508
rotary_emb,3600,18.8107
rotary_emb,3616,19.1628
rotary_emb,3632,18.8213
rotary_emb,3648,18.6932
rotary_emb,3664,18.9813
rotary_emb,3680,18.9812
rotary_emb,3696,19.1093
rotary_emb,3712,19.3812
rotary_emb,3728,19.264
rotary_emb,3744,19.4503
rotary_emb,3760,19.7228
rotary_emb,3776,19.4613
rotary_emb,3792,19.7225
rotary_emb,3808,19.808
rotary_emb,3824,19.7813
rotary_emb,3840,19.8613
rotary_emb,3856,20.144
rotary_emb,3872,19.9787
rotary_emb,3888,20.4963
rotary_emb,3904,20.5443
rotary_emb,3920,20.3465
rotary_emb,3936,21.0295
rotary_emb,3952,20.651
rotary_emb,3968,20.6398
rotary_emb,3984,20.8107
rotary_emb,4000,21.1042
rotary_emb,4016,21.12
rotary_emb,4032,21.2482
rotary_emb,4048,21.1573
rotary_emb,4064,21.3067
rotary_emb,4080,21.3868
rotary_emb,4096,21.584
